Workbook
Name Slicer_Age_Group: #N/A
Name Slicer_Gender: #N/A
Name Slicer_Months: #N/A

Sheet Dashboard

Sheet Analysis
A3: Analysis
A4: From our data it is shown that Apex General Hospital has about 19% of the total population admitted into the hospital still in the hospital and yet to be discharged
A5: and about 98% of the patients are in Oncology department, and these patients have been in the hospital on an average of 725days since the day of admission.
A6: It can also be said from our data that about 39% of the Patients admitted are High Risk patient, that is to say they are discharged but still being followed up,
A7: and this patient are are from Neurology and Cardiology department, 98% of the patients discharged and are recovered are from emergency ward department,
A8: one patient each has been discharged and recovered from the remaining three department.
A13: ANSWERS
A14: 1. The department with the highest revenue is the Emergency Ward, the Emergency Ward made about 40% of the Total Revenue
A15: 2. The most busiest day in the hospital is on Saturday, for 190 patients out of 483 patients in total got admitted into the Hospital on Saturdays, compared to other days with a count of 2, 1, 93 etc.
A16: Another concern is that out of 86 Patients that are admitted into the Oncology department, only two patients are discharged, one on follow-up while one has fully recovered. The success rate is low
A17: 3. The management should meet with the Doctor in the Oncology department and ask for the reason why patients stay longer than required time in the ward, could it be that an assistant is needed to help speed
A18: up the activities in the ward or the ward is in need of some tools/equipment.

Sheet Pivot Table
A1: KPI Cards | F1: Charts Pivot Tables | M1: Slicers | X1: Charts for KPI Cards | AL1: CHARTS
F4: Number of Patient still Admitted
A5: Median Length of Stay | F5: Row Labels | G5: Count of Patient ID
A6: Median Length of Stay | F6: Patient Discharged | G6: 389 | H6: =GETPIVOTDATA("Patient ID",$F$5,"Admission Status","Still Admitted") -> 94 | I6: =GETPIVOTDATA("Patient ID",$F$5,"Admission Status","Still Admitted")/GETPIVOTDATA("Patient ID",$F$5) -> 0.19461698
A7: 8 | B7: =GETPIVOTDATA("Calculated Median",$A$6) -> 8 | F7: Still Admitted | G7: 94
F8: Grand Total | G8: 483
A10: Sum of Treatment Cost
A11: Sum of Treatment Cost
A12: 115382590 | B12: =GETPIVOTDATA("Treatment Cost",$A$11) -> 115382590
F13: Number of Patient Discharged
F14: Row Labels | G14: Count of Patient ID
A15: Number of High Risk Patient | F15: Patient Discharged | G15: 389 | H15: =GETPIVOTDATA("Patient ID",$F$14,"Admission Status","Patient Discharged") -> 389 | I15: =GETPIVOTDATA("Patient ID",$F$14,"Admission Status","Patient Discharged")/GETPIVOTDATA("Patient ID",$F$14) -> 0.80538302
A16: Row Labels | B16: Count of Readmission Risk | F16: Still Admitted | G16: 94
A17: High Risk Patient | B17: 192 | C17: =GETPIVOTDATA("Readmission Risk",$A$16,"Readmission Risk","High Risk Patient") -> 192 | F17: Grand Total | G17: 483
A18: Low Risk Patient | B18: 291
A19: Grand Total | B19: 483
F21: Revenue by Department
A22: Number of Department | F22: Row Labels | G22: Sum of Treatment Cost
A23: Row Labels | F23: Emergency Ward | G23: 46398860
A24: Cardiology | B24: =COUNTA(A24:A28) -> 5 | C24: =B24 -> 5 | F24: Neurology | G24: 23323000
A25: Emergency Ward | F25: Oncology | G25: 22712220
A26: Neurology | F26: Cardiology | G26: 22518510
A27: Oncology | F27: Pediatrics | G27: 430000
A28: Pediatrics | F28: Grand Total | G28: 115382590
A29: Grand Total
A32: Total Unique Patient | F32: Admission Trend by Weekday
A33: Row Labels | F33: Row Labels | G33: Count of Patient ID
A34: HOSP-101 | B34: =COUNTA(A34:A516) -> 483 | C34: =B34 -> 483 | F34: Mon | G34: 97
A35: HOSP-102 | F35: Tue | G35: 2
A36: HOSP-103 | F36: Wed | G36: 2
A37: HOSP-104 | F37: Thu | G37: 98
A38: HOSP-105 | F38: Fri | G38: 1
A39: HOSP-106 | F39: Sat | G39: 190
A40: HOSP-107 | F40: Sun | G40: 93
A41: HOSP-108 | F41: Grand Total | G41: 483
A42: HOSP-109
A43: HOSP-110
A44: HOSP-111
A45: HOSP-112
A46: HOSP-113
A47: HOSP-114
A48: HOSP-115
A49: HOSP-116
A50: HOSP-117
A51: HOSP-118
A52: HOSP-119
A53: HOSP-120
... A517: Grand Total

Sheet Wire Frame

Sheet Calculated Metrics
A1: Patient ID | B1: Admission Date | C1: Discharge Date | D1: Length of Stay | E1: Admission Status | F1: Admission Category | G1: Department | H1: Age | I1: Age Group | J1: Gender | K1: Treatment Cost | L1: Billing Category | M1: Outcome | N1: Readmission Risk | O1: Doctor | P1: Patient Type | Q1: Room Number | R1: Day | S1: Months | T1: Year | U1: Month and Year | V1: Calculated Median
A2: HOSP-101 | B2: 45322 | C2: 45322 | D2: =IF(ISBLANK(Table14[[#This Row],[Discharge Date]]),TODAY()-Table14[[#This Row],[Admission Date]], Table14[[#This Row],[Discharge Date]]-Table14[[#This Row],[Admission Date]]) -> 0 | E2: =IF(Table14[[#This Row],[Discharge Date]]="","Still Admitted","Patient Discharged") -> Patient Discharged | F2: =IF(WEEKDAY(Table14[[#This Row],[Admission Date]],2)>5,"Weekend","Weekday") -> Weekday | G2: Cardiology | H2: 67 | I2: {=_xlfn.IFS(Table14[[#This Row],[Age]]<18,"Children",Table14[[#This Row],[Age]]<50,"Adult",Table14[[#This Row],[Age]]>=50,"Elderly")} -> Elderly | J2: Male | K2: 8500 | L2: {=_xlfn.IFS(Table14[[#This Row],[Treatment Cost]]<50000,"Low Billing",Table14[[#This Row],[Treatment Cost]]<200000,"Moderate Billing",Table14[[#This Row],[Treatment Cost]]>=200000,"High Billing")} -> Low Billing | M2: Recovered | N2: =IF(AND(Table14[[#This Row],[Outcome]]="Follow-up",Table14[[#This Row],[Admission Status]]="Patient Discharged"),"High Risk Patient","Low Risk Patient") -> Low Risk Patient | O2: =IFERROR(VLOOKUP(Table14[[#This Row],[Department]],Doctor_Info!A:D,2,FALSE), "") -> Dr. Ada | P2: =IF(COUNTIF(A:A,Table14[[#This Row],[Patient ID]]>1),"Returning Patient","New Patient") -> New Patient | Q2: =_xlfn.XLOOKUP(Table14[[#This Row],[Department]], Doctor_Info!A:A, Doctor_Info!C:C, "")&"" -> 301 | R2: =TEXT(Table14[[#This Row],[Admission Date]],"ddd") -> Wed | S2: =TEXT(Table14[[#This Row],[Admission Date]],"mmm") -> Jan | T2: =TEXT(Table14[[#This Row],[Admission Date]],"yyyy") -> 2024 | U2: =TEXT(Table14[[#This Row],[Admission Date]],"mmm-yyyy") -> Jan-2024 | V2: =MEDIAN($D$2:$D$484) -> 8
A3: HOSP-102 | B3: 45293 | C3: 45294 | D3: =IF(ISBLANK(Table14[[#This Row],[Discharge Date]]),TODAY()-Table14[[#This Row],[Admission Date]], Table14[[#This Row],[Discharge Date]]-Table14[[#This Row],[Admission Date]]) -> 1 | E3: =IF(Table14[[#This Row],[Discharge Date]]="","Still Admitted","Patient Discharged") -> Patient Discharged | F3: =IF(WEEKDAY(Table14[[#This Row],[Admission Date]],2)>5,"Weekend","Weekday") -> Weekday | G3: Emergency Ward | H3: 22 | I3: {=_xlfn.IFS(Table14[[#This Row],[Age]]<18,"Children",Table14[[#This Row],[Age]]<50,"Adult",Table14[[#This Row],[Age]]>=50,"Elderly")} -> Adult | J3: Female | K3: 900 | L3: {=_xlfn.IFS(Table14[[#This Row],[Treatment Cost]]<50000,"Low Billing",Table14[[#This Row],[Treatment Cost]]<200000,"Moderate Billing",Table14[[#This Row],[Treatment Cost]]>=200000,"High Billing")} -> Low Billing | M3: Recovered | N3: =IF(AND(Table14[[#This Row],[Outcome]]="Follow-up",Table14[[#This Row],[Admission Status]]="Patient Discharged"),"High Risk Patient","Low Risk Patient") -> Low Risk Patient | O3: =IFERROR(VLOOKUP(Table14[[#This Row],[Department]],Doctor_Info!A:D,2,FALSE), "") -> Dr. Kofi | P3: =IF(COUNTIF(A:A,Table14[[#This Row],[Patient ID]]>1),"Returning Patient","New Patient") -> New Patient | Q3: =_xlfn.XLOOKUP(Table14[[#This Row],[Department]], Doctor_Info!A:A, Doctor_Info!C:C, "")&"" -> 102 | R3: =TEXT(Table14[[#This Row],[Admission Date]],"ddd") -> Tue | S3: =TEXT(Table14[[#This Row],[Admission Date]],"mmm") -> Jan | T3: =TEXT(Table14[[#This Row],[Admission Date]],"yyyy") -> 2024 | U3: =TEXT(Table14[[#This Row],[Admission Date]],"mmm-yyyy") -> Jan-2024 | V3: =MEDIAN($D$2:$D$484) -> 8
A4: HOSP-103 | B4: 45296 | C4: 45311 | D4: =IF(ISBLANK(Table14[[#This Row],[Discharge Date]]),TODAY()-Table14[[#This Row],[Admission Date]], Table14[[#This Row],[Discharge Date]]-Table14[[#This Row],[Admission Date]]) -> 15 | E4: =IF(Table14[[#This Row],[Discharge Date]]="","Still Admitted","Patient Discharged") -> Patient Discharged | F4: =IF(WEEKDAY(Table14[[#This Row],[Admission Date]],2)>5,"Weekend","Weekday") -> Weekday | G4: Oncology | H4: 54 | I4: {=_xlfn.IFS(Table14[[#This Row],[Age]]<18,"Children",Table14[[#This Row],[Age]]<50,"Adult",Table14[[#This Row],[Age]]>=50,"Elderly")} -> Elderly | J4: Female | K4: 15000 | L4: {=_xlfn.IFS(Table14[[#This Row],[Treatment Cost]]<50000,"Low Billing",Table14[[#This Row],[Treatment Cost]]<200000,"Moderate Billing",Table14[[#This Row],[Treatment Cost]]>=200000,"High Billing")} -> Low Billing | M4: Follow-up | N4: =IF(AND(Table14[[#This Row],[Outcome]]="Follow-up",Table14[[#This Row],[Admission Status]]="Patient Discharged"),"High Risk Patient","Low Risk Patient") -> High Risk Patient | O4: =IFERROR(VLOOKUP(Table14[[#This Row],[Department]],Doctor_Info!A:D,2,FALSE), "") -> Dr. George | P4: =IF(COUNTIF(A:A,Table14[[#This Row],[Patient ID]]>1),"Returning Patient","New Patient") -> New Patient | Q4: =_xlfn.XLOOKUP(Table14[[#This Row],[Department]], Doctor_Info!A:A, Doctor_Info!C:C, "")&"" -> 405 | R4: =TEXT(Table14[[#This Row],[Admission Date]],"ddd") -> Fri | S4: =TEXT(Table14[[#This Row],[Admission Date]],"mmm") -> Jan | T4: =TEXT(Table14[[#This Row],[Admission Date]],"yyyy") -> 2024 | U4: =TEXT(Table14[[#This Row],[Admission Date]],"mmm-yyyy") -> Jan-2024 | V4: =MEDIAN($D$2:$D$484) -> 8
A5: HOSP-104 | B5: 45301 | C5: 45303 | D5: =IF(ISBLANK(Table14[[#This Row],[Discharge Date]]),TODAY()-Table14[[#This Row],[Admission Date]], Table14[[#This Row],[Discharge Date]]-Table14[[#This Row],[Admission Date]]) -> 2 | E5: =IF(Table14[[#This Row],[Discharge Date]]="","Still Admitted","Patient Discharged") -> Patient Discharged | F5: =IF(WEEKDAY(Table14[[#This Row],[Admission Date]],2)>5,"Weekend","Weekday") -> Weekday | G5: Pediatrics | H5: 8 | I5: {=_xlfn.IFS(Table14[[#This Row],[Age]]<18,"Children",Table14[[#This Row],[Age]]<50,"Adult",Table14[[#This Row],[Age]]>=50,"Elderly")} -> Children | J5: Male | K5: 250000 | L5: {=_xlfn.IFS(Table14[[#This Row],[Treatment Cost]]<50000,"Low Billing",Table14[[#This Row],[Treatment Cost]]<200000,"Moderate Billing",Table14[[#This Row],[Treatment Cost]]>=200000,"High Billing")} -> High Billing | M5: Follow-up | N5: =IF(AND(Table14[[#This Row],[Outcome]]="Follow-up",Table14[[#This Row],[Admission Status]]="Patient Discharged"),"High Risk Patient","Low Risk Patient") -> High Risk Patient | O5: =IFERROR(VLOOKUP(Table14[[#This Row],[Department]],Doctor_Info!A:D,2,FALSE), "") -> Dr. Segun | P5: =IF(COUNTIF(A:A,Table14[[#This Row],[Patient ID]]>1),"Returning Patient","New Patient") -> New Patient | Q5: =_xlfn.XLOOKUP(Table14[[#This Row],[Department]], Doctor_Info!A:A, Doctor_Info!C:C, "")&"" -> 210 | R5: =TEXT(Table14[[#This Row],[Admission Date]],"ddd") -> Wed | S5: =TEXT(Table14[[#This Row],[Admission Date]],"mmm") -> Jan | T5: =TEXT(Table14[[#This Row],[Admission Date]],"yyyy") -> 2024 | U5: =TEXT(Table14[[#This Row],[Admission Date]],"mmm-yyyy") -> Jan-2024 | V5: =MEDIAN($D$2:$D$484) -> 8
A6: HOSP-105 | B6: 45321 | C6: 45322 | D6: =IF(ISBLANK(Table14[[#This Row],[Discharge Date]]),TODAY()-Table14[[#This Row],[Admission Date]], Table14[[#This Row],[Discharge Date]]-Table14[[#This Row],[Admission Date]]) -> 1 | E6: =IF(Table14[[#This Row],[Discharge Date]]="","Still Admitted","Patient Discharged") -> Patient Discharged | F6: =IF(WEEKDAY(Table14[[#This Row],[Admission Date]],2)>5,"Weekend","Weekday") -> Weekday | G6: Emergency Ward | H6: 31 | I6: {=_xlfn.IFS(Table14[[#This Row],[Age]]<18,"Children",Table14[[#This Row],[Age]]<50,"Adult",Table14[[#This Row],[Age]]>=50,"Elderly")} -> Adult | J6: Male | K6: 1100 | L6: {=_xlfn.IFS(Table14[[#This Row],[Treatment Cost]]<50000,"Low Billing",Table14[[#This Row],[Treatment Cost]]<200000,"Moderate Billing",Table14[[#This Row],[Treatment Cost]]>=200000,"High Billing")} -> Low Billing | M6: Recovered | N6: =IF(AND(Table14[[#This Row],[Outcome]]="Follow-up",Table14[[#This Row],[Admission Status]]="Patient Discharged"),"High Risk Patient","Low Risk Patient") -> Low Risk Patient | O6: =IFERROR(VLOOKUP(Table14[[#This Row],[Department]],Doctor_Info!A:D,2,FALSE), "") -> Dr. Kofi | P6: =IF(COUNTIF(A:A,Table14[[#This Row],[Patient ID]]>1),"Returning Patient","New Patient") -> New Patient | Q6: =_xlfn.XLOOKUP(Table14[[#This Row],[Department]], Doctor_Info!A:A, Doctor_Info!C:C, "")&"" -> 102 | R6: =TEXT(Table14[[#This Row],[Admission Date]],"ddd") -> Tue | S6: =TEXT(Table14[[#This Row],[Admission Date]],"mmm") -> Jan | T6: =TEXT(Table14[[#This Row],[Admission Date]],"yyyy") -> 2024 | U6: =TEXT(Table14[[#This Row],[Admission Date]],"mmm-yyyy") -> Jan-2024 | V6: =MEDIAN($D$2:$D$484) -> 8
A7: HOSP-106 | B7: 45306 | C7: 45313 | D7: =IF(ISBLANK(Table14[[#This Row],[Discharge Date]]),TODAY()-Table14[[#This Row],[Admission Date]], Table14[[#This Row],[Discharge Date]]-Table14[[#This Row],[Admission Date]]) -> 7 | E7: =IF(Table14[[#This Row],[Discharge Date]]="","Still Admitted","Patient Discharged") -> Patient Discharged | F7: =IF(WEEKDAY(Table14[[#This Row],[Admission Date]],2)>5,"Weekend","Weekday") -> Weekday | G7: Cardiology | H7: 72 | I7: {=_xlfn.IFS(Table14[[#This Row],[Age]]<18,"Children",Table14[[#This Row],[Age]]<50,"Adult",Table14[[#This Row],[Age]]>=50,"Elderly")} -> Elderly | J7: Female | K7: 9200 | L7: {=_xlfn.IFS(Table14[[#This Row],[Treatment Cost]]<50000,"Low Billing",Table14[[#This Row],[Treatment Cost]]<200000,"Moderate Billing",Table14[[#This Row],[Treatment Cost]]>=200000,"High Billing")} -> Low Billing | M7: Follow-up | N7: =IF(AND(Table14[[#This Row],[Outcome]]="Follow-up",Table14[[#This Row],[Admission Status]]="Patient Discharged"),"High Risk Patient","Low Risk Patient") -> High Risk Patient | O7: =IFERROR(VLOOKUP(Table14[[#This Row],[Department]],Doctor_Info!A:D,2,FALSE), "") -> Dr. Ada | P7: =IF(COUNTIF(A:A,Table14[[#This Row],[Patient ID]]>1),"Returning Patient","New Patient") -> New Patient | Q7: =_xlfn.XLOOKUP(Table14[[#This Row],[Department]], Doctor_Info!A:A, Doctor_Info!C:C, "")&"" -> 301 | R7: =TEXT(Table14[[#This Row],[Admission Date]],"ddd") -> Mon | S7: =TEXT(Table14[[#This Row],[Admission Date]],"mmm") -> Jan | T7: =TEXT(Table14[[#This Row],[Admission Date]],"yyyy") -> 2024 | U7: =TEXT(Table14[[#This Row],[Admission Date]],"mmm-yyyy") -> Jan-2024 | V7: =MEDIAN($D$2:$D$484) -> 8
A8: HOSP-107 | B8: 45309 | D8: =IF(ISBLANK(Table14[[#This Row],[Discharge Date]]),TODAY()-Table14[[#This Row],[Admission Date]], Table14[[#This Row],[Discharge Date]]-Table14[[#This Row],[Admission Date]]) -> 829 | E8: =IF(Table14[[#This Row],[Discharge Date]]="","Still Admitted","Patient Discharged") -> Still Admitted | F8: =IF(WEEKDAY(Table14[[#This Row],[Admission Date]],2)>5,"Weekend","Weekday") -> Weekday | G8: Neurology | H8: 41 | I8: {=_xlfn.IFS(Table14[[#This Row],[Age]]<18,"Children",Table14[[#This Row],[Age]]<50,"Adult",Table14[[#This Row],[Age]]>=50,"Elderly")} -> Adult | J8: Male | K8: 4500 | L8: {=_xlfn.IFS(Table14[[#This Row],[Treatment Cost]]<50000,"Low Billing",Table14[[#This Row],[Treatment Cost]]<200000,"Moderate Billing",Table14[[#This Row],[Treatment Cost]]>=200000,"High Billing")} -> Low Billing | M8: Pending | N8: =IF(AND(Table14[[#This Row],[Outcome]]="Follow-up",Table14[[#This Row],[Admission Status]]="Patient Discharged"),"High Risk Patient","Low Risk Patient") -> Low Risk Patient | O8: =IFERROR(VLOOKUP(Table14[[#This Row],[Department]],Doctor_Info!A:D,2,FALSE), "") -> Dr. Temi | P8: =IF(COUNTIF(A:A,Table14[[#This Row],[Patient ID]]>1),"Returning Patient","New Patient") -> New Patient | Q8: =_xlfn.XLOOKUP(Table14[[#This Row],[Department]], Doctor_Info!A:A, Doctor_Info!C:C, "")&"" -> 502 | R8: =TEXT(Table14[[#This Row],[Admission Date]],"ddd") -> Thu | S8: =TEXT(Table14[[#This Row],[Admission Date]],"mmm") -> Jan | T8: =TEXT(Table14[[#This Row],[Admission Date]],"yyyy") -> 2024 | U8: =TEXT(Table14[[#This Row],[Admission Date]],"mmm-yyyy") -> Jan-2024 | V8: =MEDIAN($D$2:$D$484) -> 8
A9: HOSP-108 | B9: 45311 | C9: 45321 | D9: =IF(ISBLANK(Table14[[#This Row],[Discharge Date]]),TODAY()-Table14[[#This Row],[Admission Date]], Table14[[#This Row],[Discharge Date]]-Table14[[#This Row],[Admission Date]]) -> 10 | E9: =IF(Table14[[#This Row],[Discharge Date]]="","Still Admitted","Patient Discharged") -> Patient Discharged | F9: =IF(WEEKDAY(Table14[[#This Row],[Admission Date]],2)>5,"Weekend","Weekday") -> Weekend | G9: Oncology | H9: 61 | I9: {=_xlfn.IFS(Table14[[#This Row],[Age]]<18,"Children",Table14[[#This Row],[Age]]<50,"Adult",Table14[[#This Row],[Age]]>=50,"Elderly")} -> Elderly | J9: Female | K9: 14000 | L9: {=_xlfn.IFS(Table14[[#This Row],[Treatment Cost]]<50000,"Low Billing",Table14[[#This Row],[Treatment Cost]]<200000,"Moderate Billing",Table14[[#This Row],[Treatment Cost]]>=200000,"High Billing")} -> Low Billing | M9: Recovered | N9: =IF(AND(Table14[[#This Row],[Outcome]]="Follow-up",Table14[[#This Row],[Admission Status]]="Patient Discharged"),"High Risk Patient","Low Risk Patient") -> Low Risk Patient | O9: =IFERROR(VLOOKUP(Table14[[#This Row],[Department]],Doctor_Info!A:D,2,FALSE), "") -> Dr. George | P9: =IF(COUNTIF(A:A,Table14[[#This Row],[Patient ID]]>1),"Returning Patient","New Patient") -> New Patient | Q9: =_xlfn.XLOOKUP(Table14[[#This Row],[Department]], Doctor_Info!A:A, Doctor_Info!C:C, "")&"" -> 405 | R9: =TEXT(Table14[[#This Row],[Admission Date]],"ddd") -> Sat | S9: =TEXT(Table14[[#This Row],[Admission Date]],"mmm") -> Jan | T9: =TEXT(Table14[[#This Row],[Admission Date]],"yyyy") -> 2024 | U9: =TEXT(Table14[[#This Row],[Admission Date]],"mmm-yyyy") -> Jan-2024 | V9: =MEDIAN($D$2:$D$484) -> 8
A10: HOSP-109 | B10: 45313 | C10: 45314 | D10: =IF(ISBLANK(Table14[[#This Row],[Discharge Date]]),TODAY()-Table14[[#This Row],[Admission Date]], Table14[[#This Row],[Discharge Date]]-Table14[[#This Row],[Admission Date]]) -> 1 | E10: =IF(Table14[[#This Row],[Discharge Date]]="","Still Admitted","Patient Discharged") -> Patient Discharged | F10: =IF(WEEKDAY(Table14[[#This Row],[Admission Date]],2)>5,"Weekend","Weekday") -> Weekday | G10: Emergency Ward | H10: 19 | I10: {=_xlfn.IFS(Table14[[#This Row],[Age]]<18,"Children",Table14[[#This Row],[Age]]<50,"Adult",Table14[[#This Row],[Age]]>=50,"Elderly")} -> Adult | J10: Male | K10: 850 | L10: {=_xlfn.IFS(Table14[[#This Row],[Treatment Cost]]<50000,"Low Billing",Table14[[#This Row],[Treatment Cost]]<200000,"Moderate Billing",Table14[[#This Row],[Treatment Cost]]>=200000,"High Billing")} -> Low Billing | M10: Recovered | N10: =IF(AND(Table14[[#This Row],[Outcome]]="Follow-up",Table14[[#This Row],[Admission Status]]="Patient Discharged"),"High Risk Patient","Low Risk Patient") -> Low Risk Patient | O10: =IFERROR(VLOOKUP(Table14[[#This Row],[Department]],Doctor_Info!A:D,2,FALSE), "") -> Dr. Kofi | P10: =IF(COUNTIF(A:A,Table14[[#This Row],[Patient ID]]>1),"Returning Patient","New Patient") -> New Patient | Q10: =_xlfn.XLOOKUP(Table14[[#This Row],[Department]], Doctor_Info!A:A, Doctor_Info!C:C, "")&"" -> 102 | R10: =TEXT(Table14[[#This Row],[Admission Date]],"ddd") -> Mon | S10: =TEXT(Table14[[#This Row],[Admission Date]],"mmm") -> Jan | T10: =TEXT(Table14[[#This Row],[Admission Date]],"yyyy") -> 2024 | U10: =TEXT(Table14[[#This Row],[Admission Date]],"mmm-yyyy") -> Jan-2024 | V10: =MEDIAN($D$2:$D$484) -> 8
A11: HOSP-110 | B11: 45316 | C11: 45319 | D11: =IF(ISBLANK(Table14[[#This Row],[Discharge Date]]),TODAY()-Table14[[#This Row],[Admission Date]], Table14[[#This Row],[Discharge Date]]-Table14[[#This Row],[Admission Date]]) -> 3 | E11: =IF(Table14[[#This Row],[Discharge Date]]="","Still Admitted","Patient Discharged") -> Patient Discharged | F11: =IF(WEEKDAY(Table14[[#This Row],[Admission Date]],2)>5,"Weekend","Weekday") -> Weekday | G11: Pediatrics | H11: 4 | I11: {=_xlfn.IFS(Table14[[#This Row],[Age]]<18,"Children",Table14[[#This Row],[Age]]<50,"Adult",Table14[[#This Row],[Age]]>=50,"Elderly")} -> Children | J11: Female | K11: 180000 | L11: {=_xlfn.IFS(Table14[[#This Row],[Treatment Cost]]<50000,"Low Billing",Table14[[#This Row],[Treatment Cost]]<200000,"Moderate Billing",Table14[[#This Row],[Treatment Cost]]>=200000,"High Billing")} -> Moderate Billing | M11: Recovered | N11: =IF(AND(Table14[[#This Row],[Outcome]]="Follow-up",Table14[[#This Row],[Admission Status]]="Patient Discharged"),"High Risk Patient","Low Risk Patient") -> Low Risk Patient | O11: =IFERROR(VLOOKUP(Table14[[#This Row],[Department]],Doctor_Info!A:D,2,FALSE), "") -> Dr. Segun | P11: =IF(COUNTIF(A:A,Table14[[#This Row],[Patient ID]]>1),"Returning Patient","New Patient") -> New Patient | Q11: =_xlfn.XLOOKUP(Table14[[#This Row],[Department]], Doctor_Info!A:A, Doctor_Info!C:C, "")&"" -> 210 | R11: =TEXT(Table14[[#This Row],[Admission Date]],"ddd") -> Thu | S11: =TEXT(Table14[[#This Row],[Admission Date]],"mmm") -> Jan | T11: =TEXT(Table14[[#This Row],[Admission Date]],"yyyy") -> 2024 | U11: =TEXT(Table14[[#This Row],[Admission Date]],"mmm-yyyy") -> Jan-2024 | V11: =MEDIAN($D$2:$D$484) -> 8
A12: HOSP-111 | B12: 45319 | C12: 45327 | D12: =IF(ISBLANK(Table14[[#This Row],[Discharge Date]]),TODAY()-Table14[[#This Row],[Admission Date]], Table14[[#This Row],[Discharge Date]]-Table14[[#This Row],[Admission Date]]) -> 8 | E12: =IF(Table14[[#This Row],[Discharge Date]]="","Still Admitted","Patient Discharged") -> Patient Discharged | F12: =IF(WEEKDAY(Table14[[#This Row],[Admission Date]],2)>5,"Weekend","Weekday") -> Weekend | G12: Cardiology | H12: 55 | I12: {=_xlfn.IFS(Table14[[#This Row],[Age]]<18,"Children",Table14[[#This Row],[Age]]<50,"Adult",Table14[[#This Row],[Age]]>=50,"Elderly")} -> Elderly | J12: Male | K12: 7600 | L12: {=_xlfn.IFS(Table14[[#This Row],[Treatment Cost]]<50000,"Low Billing",Table14[[#This Row],[Treatment Cost]]<200000,"Moderate Billing",Table14[[#This Row],[Treatment Cost]]>=200000,"High Billing")} -> Low Billing | M12: Follow-up | N12: =IF(AND(Table14[[#This Row],[Outcome]]="Follow-up",Table14[[#This Row],[Admission Status]]="Patient Discharged"),"High Risk Patient","Low Risk Patient") -> High Risk Patient | O12: =IFERROR(VLOOKUP(Table14[[#This Row],[Department]],Doctor_Info!A:D,2,FALSE), "") -> Dr. Ada | P12: =IF(COUNTIF(A:A,Table14[[#This Row],[Patient ID]]>1),"Returning Patient","New Patient") -> New Patient | Q12: =_xlfn.XLOOKUP(Table14[[#This Row],[Department]], Doctor_Info!A:A, Doctor_Info!C:C, "")&"" -> 301 | R12: =TEXT(Table14[[#This Row],[Admission Date]],"ddd") -> Sun | S12: =TEXT(Table14[[#This Row],[Admission Date]],"mmm") -> Jan | T12: =TEXT(Table14[[#This Row],[Admission Date]],"yyyy") -> 2024 | U12: =TEXT(Table14[[#This Row],[Admission Date]],"mmm-yyyy") -> Jan-2024 | V12: =MEDIAN($D$2:$D$484) -> 8
A13: HOSP-112 | B13: 45323 | C13: 45324 | D13: =IF(ISBLANK(Table14[[#This Row],[Discharge Date]]),TODAY()-Table14[[#This Row],[Admission Date]], Table14[[#This Row],[Discharge Date]]-Table14[[#This Row],[Admission Date]]) -> 1 | E13: =IF(Table14[[#This Row],[Discharge Date]]="","Still Admitted","Patient Discharged") -> Patient Discharged | F13: =IF(WEEKDAY(Table14[[#This Row],[Admission Date]],2)>5,"Weekend","Weekday") -> Weekday | G13: Emergency Ward | H13: 33 | I13: {=_xlfn.IFS(Table14[[#This Row],[Age]]<18,"Children",Table14[[#This Row],[Age]]<50,"Adult",Table14[[#This Row],[Age]]>=50,"Elderly")} -> Adult | J13: Female | K13: 1050 | L13: {=_xlfn.IFS(Table14[[#This Row],[Treatment Cost]]<50000,"Low Billing",Table14[[#This Row],[Treatment Cost]]<200000,"Moderate Billing",Table14[[#This Row],[Treatment Cost]]>=200000,"High Billing")} -> Low Billing | M13: Recovered | N13: =IF(AND(Table14[[#This Row],[Outcome]]="Follow-up",Table14[[#This Row],[Admission Status]]="Patient Discharged"),"High Risk Patient","Low Risk Patient") -> Low Risk Patient | O13: =IFERROR(VLOOKUP(Table14[[#This Row],[Department]],Doctor_Info!A:D,2,FALSE), "") -> Dr. Kofi | P13: =IF(COUNTIF(A:A,Table14[[#This Row],[Patient ID]]>1),"Returning Patient","New Patient") -> New Patient | Q13: =_xlfn.XLOOKUP(Table14[[#This Row],[Department]], Doctor_Info!A:A, Doctor_Info!C:C, "")&"" -> 102 | R13: =TEXT(Table14[[#This Row],[Admission Date]],"ddd") -> Thu | S13: =TEXT(Table14[[#This Row],[Admission Date]],"mmm") -> Feb | T13: =TEXT(Table14[[#This Row],[Admission Date]],"yyyy") -> 2024 | U13: =TEXT(Table14[[#This Row],[Admission Date]],"mmm-yyyy") -> Feb-2024 | V13: =MEDIAN($D$2:$D$484) -> 8
A14: HOSP-113 | B14: 45325 | C14: 45337 | D14: =IF(ISBLANK(Table14[[#This Row],[Discharge Date]]),TODAY()-Table14[[#This Row],[Admission Date]], Table14[[#This Row],[Discharge Date]]-Table14[[#This Row],[Admission Date]]) -> 12 | E14: =IF(Table14[[#This Row],[Discharge Date]]="","Still Admitted","Patient Discharged") -> Patient Discharged | F14: =IF(WEEKDAY(Table14[[#This Row],[Admission Date]],2)>5,"Weekend","Weekday") -> Weekend | G14: Neurology | H14: 68 | I14: {=_xlfn.IFS(Table14[[#This Row],[Age]]<18,"Children",Table14[[#This Row],[Age]]<50,"Adult",Table14[[#This Row],[Age]]>=50,"Elderly")} -> Elderly | J14: Male | K14: 11000 | L14: {=_xlfn.IFS(Table14[[#This Row],[Treatment Cost]]<50000,"Low Billing",Table14[[#This Row],[Treatment Cost]]<200000,"Moderate Billing",Table14[[#This Row],[Treatment Cost]]>=200000,"High Billing")} -> Low Billing | M14: Follow-up | N14: =IF(AND(Table14[[#This Row],[Outcome]]="Follow-up",Table14[[#This Row],[Admission Status]]="Patient Discharged"),"High Risk Patient","Low Risk Patient") -> High Risk Patient | O14: =IFERROR(VLOOKUP(Table14[[#This Row],[Department]],Doctor_Info!A:D,2,FALSE), "") -> Dr. Temi | P14: =IF(COUNTIF(A:A,Table14[[#This Row],[Patient ID]]>1),"Returning Patient","New Patient") -> New Patient | Q14: =_xlfn.XLOOKUP(Table14[[#This Row],[Department]], Doctor_Info!A:A, Doctor_Info!C:C, "")&"" -> 502 | R14: =TEXT(Table14[[#This Row],[Admission Date]],"ddd") -> Sat | S14: =TEXT(Table14[[#This Row],[Admission Date]],"mmm") -> Feb | T14: =TEXT(Table14[[#This Row],[Admission Date]],"yyyy") -> 2024 | U14: =TEXT(Table14[[#This Row],[Admission Date]],"mmm-yyyy") -> Feb-2024 | V14: =MEDIAN($D$2:$D$484) -> 8
A15: HOSP-114 | B15: 45327 | C15: 45328 | D15: =IF(ISBLANK(Table14[[#This Row],[Discharge Date]]),TODAY()-Table14[[#This Row],[Admission Date]], Table14[[#This Row],[Discharge Date]]-Table14[[#This Row],[Admission Date]]) -> 1 | E15: =IF(Table14[[#This Row],[Discharge Date]]="","Still Admitted","Patient Discharged") -> Patient Discharged | F15: =IF(WEEKDAY(Table14[[#This Row],[Admission Date]],2)>5,"Weekend","Weekday") -> Weekday | G15: Emergency Ward | H15: 25 | I15: {=_xlfn.IFS(Table14[[#This Row],[Age]]<18,"Children",Table14[[#This Row],[Age]]<50,"Adult",Table14[[#This Row],[Age]]>=50,"Elderly")} -> Adult | J15: Female | K15: 950 | L15: {=_xlfn.IFS(Table14[[#This Row],[Treatment Cost]]<50000,"Low Billing",Table14[[#This Row],[Treatment Cost]]<200000,"Moderate Billing",Table14[[#This Row],[Treatment Cost]]>=200000,"High Billing")} -> Low Billing | M15: Recovered | N15: =IF(AND(Table14[[#This Row],[Outcome]]="Follow-up",Table14[[#This Row],[Admission Status]]="Patient Discharged"),"High Risk Patient","Low Risk Patient") -> Low Risk Patient | O15: =IFERROR(VLOOKUP(Table14[[#This Row],[Department]],Doctor_Info!A:D,2,FALSE), "") -> Dr. Kofi | P15: =IF(COUNTIF(A:A,Table14[[#This Row],[Patient ID]]>1),"Returning Patient","New Patient") -> New Patient | Q15: =_xlfn.XLOOKUP(Table14[[#This Row],[Department]], Doctor_Info!A:A, Doctor_Info!C:C, "")&"" -> 102 | R15: =TEXT(Table14[[#This Row],[Admission Date]],"ddd") -> Mon | S15: =TEXT(Table14[[#This Row],[Admission Date]],"mmm") -> Feb | T15: =TEXT(Table14[[#This Row],[Admission Date]],"yyyy") -> 2024 | U15: =TEXT(Table14[[#This Row],[Admission Date]],"mmm-yyyy") -> Feb-2024 | V15: =MEDIAN($D$2:$D$484) -> 8
A16: HOSP-115 | B16: 45332 | D16: =IF(ISBLANK(Table14[[#This Row],[Discharge Date]]),TODAY()-Table14[[#This Row],[Admission Date]], Table14[[#This Row],[Discharge Date]]-Table14[[#This Row],[Admission Date]]) -> 806 | E16: =IF(Table14[[#This Row],[Discharge Date]]="","Still Admitted","Patient Discharged") -> Still Admitted | F16: =IF(WEEKDAY(Table14[[#This Row],[Admission Date]],2)>5,"Weekend","Weekday") -> Weekend | G16: Oncology | H16: 49 | I16: {=_xlfn.IFS(Table14[[#This Row],[Age]]<18,"Children",Table14[[#This Row],[Age]]<50,"Adult",Table14[[#This Row],[Age]]>=50,"Elderly")} -> Adult | J16: Female | K16: 12500 | L16: {=_xlfn.IFS(Table14[[#This Row],[Treatment Cost]]<50000,"Low Billing",Table14[[#This Row],[Treatment Cost]]<200000,"Moderate Billing",Table14[[#This Row],[Treatment Cost]]>=200000,"High Billing")} -> Low Billing | M16: Pending | N16: =IF(AND(Table14[[#This Row],[Outcome]]="Follow-up",Table14[[#This Row],[Admission Status]]="Patient Discharged"),"High Risk Patient","Low Risk Patient") -> Low Risk Patient | O16: =IFERROR(VLOOKUP(Table14[[#This Row],[Department]],Doctor_Info!A:D,2,FALSE), "") -> Dr. George | P16: =IF(COUNTIF(A:A,Table14[[#This Row],[Patient ID]]>1),"Returning Patient","New Patient") -> New Patient | Q16: =_xlfn.XLOOKUP(Table14[[#This Row],[Department]], Doctor_Info!A:A, Doctor_Info!C:C, "")&"" -> 405 | R16: =TEXT(Table14[[#This Row],[Admission Date]],"ddd") -> Sat | S16: =TEXT(Table14[[#This Row],[Admission Date]],"mmm") -> Feb | T16: =TEXT(Table14[[#This Row],[Admission Date]],"yyyy") -> 2024 | U16: =TEXT(Table14[[#This Row],[Admission Date]],"mmm-yyyy") -> Feb-2024 | V16: =MEDIAN($D$2:$D$484) -> 8
A17: HOSP-116 | B17: 45319 | C17: 45327 | D17: =IF(ISBLANK(Table14[[#This Row],[Discharge Date]]),TODAY()-Table14[[#This Row],[Admission Date]], Table14[[#This Row],[Discharge Date]]-Table14[[#This Row],[Admission Date]]) -> 8 | E17: =IF(Table14[[#This Row],[Discharge Date]]="","Still Admitted","Patient Discharged") -> Patient Discharged | F17: =IF(WEEKDAY(Table14[[#This Row],[Admission Date]],2)>5,"Weekend","Weekday") -> Weekend | G17: Cardiology | H17: 40 | I17: {=_xlfn.IFS(Table14[[#This Row],[Age]]<18,"Children",Table14[[#This Row],[Age]]<50,"Adult",Table14[[#This Row],[Age]]>=50,"Elderly")} -> Adult | J17: Male | K17: 9530 | L17: {=_xlfn.IFS(Table14[[#This Row],[Treatment Cost]]<50000,"Low Billing",Table14[[#This Row],[Treatment Cost]]<200000,"Moderate Billing",Table14[[#This Row],[Treatment Cost]]>=200000,"High Billing")} -> Low Billing | M17: Follow-up | N17: =IF(AND(Table14[[#This Row],[Outcome]]="Follow-up",Table14[[#This Row],[Admission Status]]="Patient Discharged"),"High Risk Patient","Low Risk Patient") -> High Risk Patient | O17: =IFERROR(VLOOKUP(Table14[[#This Row],[Department]],Doctor_Info!A:D,2,FALSE), "") -> Dr. Ada | P17: =IF(COUNTIF(A:A,Table14[[#This Row],[Patient ID]]>1),"Returning Patient","New Patient") -> New Patient | Q17: =_xlfn.XLOOKUP(Table14[[#This Row],[Department]], Doctor_Info!A:A, Doctor_Info!C:C, "")&"" -> 301 | R17: =TEXT(Table14[[#This Row],[Admission Date]],"ddd") -> Sun | S17: =TEXT(Table14[[#This Row],[Admission Date]],"mmm") -> Jan | T17: =TEXT(Table14[[#This Row],[Admission Date]],"yyyy") -> 2024 | U17: =TEXT(Table14[[#This Row],[Admission Date]],"mmm-yyyy") -> Jan-2024 | V17: =MEDIAN($D$2:$D$484) -> 8
A18: HOSP-117 | B18: 45323 | C18: 45324 | D18: =IF(ISBLANK(Table14[[#This Row],[Discharge Date]]),TODAY()-Table14[[#This Row],[Admission Date]], Table14[[#This Row],[Discharge Date]]-Table14[[#This Row],[Admission Date]]) -> 1 | E18: =IF(Table14[[#This Row],[Discharge Date]]="","Still Admitted","Patient Discharged") -> Patient Discharged | F18: =IF(WEEKDAY(Table14[[#This Row],[Admission Date]],2)>5,"Weekend","Weekday") -> Weekday | G18: Emergency Ward | H18: 38 | I18: {=_xlfn.IFS(Table14[[#This Row],[Age]]<18,"Children",Table14[[#This Row],[Age]]<50,"Adult",Table14[[#This Row],[Age]]>=50,"Elderly")} -> Adult | J18: Female | K18: 10500 | L18: {=_xlfn.IFS(Table14[[#This Row],[Treatment Cost]]<50000,"Low Billing",Table14[[#This Row],[Treatment Cost]]<200000,"Moderate Billing",Table14[[#This Row],[Treatment Cost]]>=200000,"High Billing")} -> Low Billing | M18: Recovered | N18: =IF(AND(Table14[[#This Row],[Outcome]]="Follow-up",Table14[[#This Row],[Admission Status]]="Patient Discharged"),"High Risk Patient","Low Risk Patient") -> Low Risk Patient | O18: =IFERROR(VLOOKUP(Table14[[#This Row],[Department]],Doctor_Info!A:D,2,FALSE), "") -> Dr. Kofi | P18: =IF(COUNTIF(A:A,Table14[[#This Row],[Patient ID]]>1),"Returning Patient","New Patient") -> New Patient | Q18: =_xlfn.XLOOKUP(Table14[[#This Row],[Department]], Doctor_Info!A:A, Doctor_Info!C:C, "")&"" -> 102 | R18: =TEXT(Table14[[#This Row],[Admission Date]],"ddd") -> Thu | S18: =TEXT(Table14[[#This Row],[Admission Date]],"mmm") -> Feb | T18: =TEXT(Table14[[#This Row],[Admission Date]],"yyyy") -> 2024 | U18: =TEXT(Table14[[#This Row],[Admission Date]],"mmm-yyyy") -> Feb-2024 | V18: =MEDIAN($D$2:$D$484) -> 8
A19: HOSP-118 | B19: 45325 | C19: 45337 | D19: =IF(ISBLANK(Table14[[#This Row],[Discharge Date]]),TODAY()-Table14[[#This Row],[Admission Date]], Table14[[#This Row],[Discharge Date]]-Table14[[#This Row],[Admission Date]]) -> 12 | E19: =IF(Table14[[#This Row],[Discharge Date]]="","Still Admitted","Patient Discharged") -> Patient Discharged | F19: =IF(WEEKDAY(Table14[[#This Row],[Admission Date]],2)>5,"Weekend","Weekday") -> Weekend | G19: Neurology | H19: 36 | I19: {=_xlfn.IFS(Table14[[#This Row],[Age]]<18,"Children",Table14[[#This Row],[Age]]<50,"Adult",Table14[[#This Row],[Age]]>=50,"Elderly")} -> Adult | J19: Male | K19: 11470 | L19: {=_xlfn.IFS(Table14[[#This Row],[Treatment Cost]]<50000,"Low Billing",Table14[[#This Row],[Treatment Cost]]<200000,"Moderate Billing",Table14[[#This Row],[Treatment Cost]]>=200000,"High Billing")} -> Low Billing | M19: Follow-up | N19: =IF(AND(Table14[[#This Row],[Outcome]]="Follow-up",Table14[[#This Row],[Admission Status]]="Patient Discharged"),"High Risk Patient","Low Risk Patient") -> High Risk Patient | O19: =IFERROR(VLOOKUP(Table14[[#This Row],[Department]],Doctor_Info!A:D,2,FALSE), "") -> Dr. Temi | P19: =IF(COUNTIF(A:A,Table14[[#This Row],[Patient ID]]>1),"Returning Patient","New Patient") -> New Patient | Q19: =_xlfn.XLOOKUP(Table14[[#This Row],[Department]], Doctor_Info!A:A, Doctor_Info!C:C, "")&"" -> 502 | R19: =TEXT(Table14[[#This Row],[Admission Date]],"ddd") -> Sat | S19: =TEXT(Table14[[#This Row],[Admission Date]],"mmm") -> Feb | T19: =TEXT(Table14[[#This Row],[Admission Date]],"yyyy") -> 2024 | U19: =TEXT(Table14[[#This Row],[Admission Date]],"mmm-yyyy") -> Feb-2024 | V19: =MEDIAN($D$2:$D$484) -> 8
A20: HOSP-119 | B20: 45327 | C20: 45328 | D20: =IF(ISBLANK(Table14[[#This Row],[Discharge Date]]),TODAY()-Table14[[#This Row],[Admission Date]], Table14[[#This Row],[Discharge Date]]-Table14[[#This Row],[Admission Date]]) -> 1 | E20: =IF(Table14[[#This Row],[Discharge Date]]="","Still Admitted","Patient Discharged") -> Patient Discharged | F20: =IF(WEEKDAY(Table14[[#This Row],[Admission Date]],2)>5,"Weekend","Weekday") -> Weekday | G20: Emergency Ward | H20: 34 | I20: {=_xlfn.IFS(Table14[[#This Row],[Age]]<18,"Children",Table14[[#This Row],[Age]]<50,"Adult",Table14[[#This Row],[Age]]>=50,"Elderly")} -> Adult | J20: Female | K20: 12440 | L20: {=_xlfn.IFS(Table14[[#This Row],[Treatment Cost]]<50000,"Low Billing",Table14[[#This Row],[Treatment Cost]]<200000,"Moderate Billing",Table14[[#This Row],[Treatment Cost]]>=200000,"High Billing")} -> Low Billing | M20: Recovered | N20: =IF(AND(Table14[[#This Row],[Outcome]]="Follow-up",Table14[[#This Row],[Admission Status]]="Patient Discharged"),"High Risk Patient","Low Risk Patient") -> Low Risk Patient | O20: =IFERROR(VLOOKUP(Table14[[#This Row],[Department]],Doctor_Info!A:D,2,FALSE), "") -> Dr. Kofi | P20: =IF(COUNTIF(A:A,Table14[[#This Row],[Patient ID]]>1),"Returning Patient","New Patient") -> New Patient | Q20: =_xlfn.XLOOKUP(Table14[[#This Row],[Department]], Doctor_Info!A:A, Doctor_Info!C:C, "")&"" -> 102 | R20: =TEXT(Table14[[#This Row],[Admission Date]],"ddd") -> Mon | S20: =TEXT(Table14[[#This Row],[Admission Date]],"mmm") -> Feb | T20: =TEXT(Table14[[#This Row],[Admission Date]],"yyyy") -> 2024 | U20: =TEXT(Table14[[#This Row],[Admission Date]],"mmm-yyyy") -> Feb-2024 | V20: =MEDIAN($D$2:$D$484) -> 8
A21: HOSP-120 | B21: 45332 | D21: =IF(ISBLANK(Table14[[#This Row],[Discharge Date]]),TODAY()-Table14[[#This Row],[Admission Date]], Table14[[#This Row],[Discharge Date]]-Table14[[#This Row],[Admission Date]]) -> 806 | E21: =IF(Table14[[#This Row],[Discharge Date]]="","Still Admitted","Patient Discharged") -> Still Admitted | F21: =IF(WEEKDAY(Table14[[#This Row],[Admission Date]],2)>5,"Weekend","Weekday") -> Weekend | G21: Oncology | H21: 32 | I21: {=_xlfn.IFS(Table14[[#This Row],[Age]]<18,"Children",Table14[[#This Row],[Age]]<50,"Adult",Table14[[#This Row],[Age]]>=50,"Elderly")} -> Adult | J21: Female | K21: 13410 | L21: {=_xlfn.IFS(Table14[[#This Row],[Treatment Cost]]<50000,"Low Billing",Table14[[#This Row],[Treatment Cost]]<200000,"Moderate Billing",Table14[[#This Row],[Treatment Cost]]>=200000,"High Billing")} -> Low Billing | M21: Pending | N21: =IF(AND(Table14[[#This Row],[Outcome]]="Follow-up",Table14[[#This Row],[Admission Status]]="Patient Discharged"),"High Risk Patient","Low Risk Patient") -> Low Risk Patient | O21: =IFERROR(VLOOKUP(Table14[[#This Row],[Department]],Doctor_Info!A:D,2,FALSE), "") -> Dr. George | P21: =IF(COUNTIF(A:A,Table14[[#This Row],[Patient ID]]>1),"Returning Patient","New Patient") -> New Patient | Q21: =_xlfn.XLOOKUP(Table14[[#This Row],[Department]], Doctor_Info!A:A, Doctor_Info!C:C, "")&"" -> 405 | R21: =TEXT(Table14[[#This Row],[Admission Date]],"ddd") -> Sat | S21: =TEXT(Table14[[#This Row],[Admission Date]],"mmm") -> Feb | T21: =TEXT(Table14[[#This Row],[Admission Date]],"yyyy") -> 2024 | U21: =TEXT(Table14[[#This Row],[Admission Date]],"mmm-yyyy") -> Feb-2024 | V21: =MEDIAN($D$2:$D$484) -> 8
A22: HOSP-121 | B22: 45319 | C22: 45327 | D22: =IF(ISBLANK(Table14[[#This Row],[Discharge Date]]),TODAY()-Table14[[#This Row],[Admission Date]], Table14[[#This Row],[Discharge Date]]-Table14[[#This Row],[Admission Date]]) -> 8 | E22: =IF(Table14[[#This Row],[Discharge Date]]="","Still Admitted","Patient Discharged") -> Patient Discharged | F22: =IF(WEEKDAY(Table14[[#This Row],[Admission Date]],2)>5,"Weekend","Weekday") -> Weekend | G22: Cardiology | H22: 30 | I22: {=_xlfn.IFS(Table14[[#This Row],[Age]]<18,"Children",Table14[[#This Row],[Age]]<50,"Adult",Table14[[#This Row],[Age]]>=50,"Elderly")} -> Adult | J22: Male | K22: 14380 | L22: {=_xlfn.IFS(Table14[[#This Row],[Treatment Cost]]<50000,"Low Billing",Table14[[#This Row],[Treatment Cost]]<200000,"Moderate Billing",Table14[[#This Row],[Treatment Cost]]>=200000,"High Billing")} -> Low Billing | M22: Follow-up | N22: =IF(AND(Table14[[#This Row],[Outcome]]="Follow-up",Table14[[#This Row],[Admission Status]]="Patient Discharged"),"High Risk Patient","Low Risk Patient") -> High Risk Patient | O22: =IFERROR(VLOOKUP(Table14[[#This Row],[Department]],Doctor_Info!A:D,2,FALSE), "") -> Dr. Ada | P22: =IF(COUNTIF(A:A,Table14[[#This Row],[Patient ID]]>1),"Returning Patient","New Patient") -> New Patient | Q22: =_xlfn.XLOOKUP(Table14[[#This Row],[Department]], Doctor_Info!A:A, Doctor_Info!C:C, "")&"" -> 301 | R22: =TEXT(Table14[[#This Row],[Admission Date]],"ddd") -> Sun | S22: =TEXT(Table14[[#This Row],[Admission Date]],"mmm") -> Jan | T22: =TEXT(Table14[[#This Row],[Admission Date]],"yyyy") -> 2024 | U22: =TEXT(Table14[[#This Row],[Admission Date]],"mmm-yyyy") -> Jan-2024 | V22: =MEDIAN($D$2:$D$484) -> 8
A23: HOSP-122 | B23: 45323 | C23: 45324 | D23: =IF(ISBLANK(Table14[[#This Row],[Discharge Date]]),TODAY()-Table14[[#This Row],[Admission Date]], Table14[[#This Row],[Discharge Date]]-Table14[[#This Row],[Admission Date]]) -> 1 | E23: =IF(Table14[[#This Row],[Discharge Date]]="","Still Admitted","Patient Discharged") -> Patient Discharged | F23: =IF(WEEKDAY(Table14[[#This Row],[Admission Date]],2)>5,"Weekend","Weekday") -> Weekday | G23: Emergency Ward | H23: 28 | I23: {=_xlfn.IFS(Table14[[#This Row],[Age]]<18,"Children",Table14[[#This Row],[Age]]<50,"Adult",Table14[[#This Row],[Age]]>=50,"Elderly")} -> Adult | J23: Female | K23: 15350 | L23: {=_xlfn.IFS(Table14[[#This Row],[Treatment Cost]]<50000,"Low Billing",Table14[[#This Row],[Treatment Cost]]<200000,"Moderate Billing",Table14[[#This Row],[Treatment Cost]]>=200000,"High Billing")} -> Low Billing | M23: Recovered | N23: =IF(AND(Table14[[#This Row],[Outcome]]="Follow-up",Table14[[#This Row],[Admission Status]]="Patient Discharged"),"High Risk Patient","Low Risk Patient") -> Low Risk Patient | O23: =IFERROR(VLOOKUP(Table14[[#This Row],[Department]],Doctor_Info!A:D,2,FALSE), "") -> Dr. Kofi | P23: =IF(COUNTIF(A:A,Table14[[#This Row],[Patient ID]]>1),"Returning Patient","New Patient") -> New Patient | Q23: =_xlfn.XLOOKUP(Table14[[#This Row],[Department]], Doctor_Info!A:A, Doctor_Info!C:C, "")&"" -> 102 | R23: =TEXT(Table14[[#This Row],[Admission Date]],"ddd") -> Thu | S23: =TEXT(Table14[[#This Row],[Admission Date]],"mmm") -> Feb | T23: =TEXT(Table14[[#This Row],[Admission Date]],"yyyy") -> 2024 | U23: =TEXT(Table14[[#This Row],[Admission Date]],"mmm-yyyy") -> Feb-2024 | V23: =MEDIAN($D$2:$D$484) -> 8
A24: HOSP-123 | B24: 45325 | C24: 45337 | D24: =IF(ISBLANK(Table14[[#This Row],[Discharge Date]]),TODAY()-Table14[[#This Row],[Admission Date]], Table14[[#This Row],[Discharge Date]]-Table14[[#This Row],[Admission Date]]) -> 12 | E24: =IF(Table14[[#This Row],[Discharge Date]]="","Still Admitted","Patient Discharged") -> Patient Discharged | F24: =IF(WEEKDAY(Table14[[#This Row],[Admission Date]],2)>5,"Weekend","Weekday") -> Weekend | G24: Neurology | H24: 26 | I24: {=_xlfn.IFS(Table14[[#This Row],[Age]]<18,"Children",Table14[[#This Row],[Age]]<50,"Adult",Table14[[#This Row],[Age]]>=50,"Elderly")} -> Adult | J24: Male | K24: 16320 | L24: {=_xlfn.IFS(Table14[[#This Row],[Treatment Cost]]<50000,"Low Billing",Table14[[#This Row],[Treatment Cost]]<200000,"Moderate Billing",Table14[[#This Row],[Treatment Cost]]>=200000,"High Billing")} -> Low Billing | M24: Follow-up | N24: =IF(AND(Table14[[#This Row],[Outcome]]="Follow-up",Table14[[#This Row],[Admission Status]]="Patient Discharged"),"High Risk Patient","Low Risk Patient") -> High Risk Patient | O24: =IFERROR(VLOOKUP(Table14[[#This Row],[Department]],Doctor_Info!A:D,2,FALSE), "") -> Dr. Temi | P24: =IF(COUNTIF(A:A,Table14[[#This Row],[Patient ID]]>1),"Returning Patient","New Patient") -> New Patient | Q24: =_xlfn.XLOOKUP(Table14[[#This Row],[Department]], Doctor_Info!A:A, Doctor_Info!C:C, "")&"" -> 502 | R24: =TEXT(Table14[[#This Row],[Admission Date]],"ddd") -> Sat | S24: =TEXT(Table14[[#This Row],[Admission Date]],"mmm") -> Feb | T24: =TEXT(Table14[[#This Row],[Admission Date]],"yyyy") -> 2024 | U24: =TEXT(Table14[[#This Row],[Admission Date]],"mmm-yyyy") -> Feb-2024 | V24: =MEDIAN($D$2:$D$484) -> 8
A25: HOSP-124 | B25: 45327 | C25: 45328 | D25: =IF(ISBLANK(Table14[[#This Row],[Discharge Date]]),TODAY()-Table14[[#This Row],[Admission Date]], Table14[[#This Row],[Discharge Date]]-Table14[[#This Row],[Admission Date]]) -> 1 | E25: =IF(Table14[[#This Row],[Discharge Date]]="","Still Admitted","Patient Discharged") -> Patient Discharged | F25: =IF(WEEKDAY(Table14[[#This Row],[Admission Date]],2)>5,"Weekend","Weekday") -> Weekday | G25: Emergency Ward | H25: 24 | I25: {=_xlfn.IFS(Table14[[#This Row],[Age]]<18,"Children",Table14[[#This Row],[Age]]<50,"Adult",Table14[[#This Row],[Age]]>=50,"Elderly")} -> Adult | J25: Female | K25: 17290 | L25: {=_xlfn.IFS(Table14[[#This Row],[Treatment Cost]]<50000,"Low Billing",Table14[[#This Row],[Treatment Cost]]<200000,"Moderate Billing",Table14[[#This Row],[Treatment Cost]]>=200000,"High Billing")} -> Low Billing | M25: Recovered | N25: =IF(AND(Table14[[#This Row],[Outcome]]="Follow-up",Table14[[#This Row],[Admission Status]]="Patient Discharged"),"High Risk Patient","Low Risk Patient") -> Low Risk Patient | O25: =IFERROR(VLOOKUP(Table14[[#This Row],[Department]],Doctor_Info!A:D,2,FALSE), "") -> Dr. Kofi | P25: =IF(COUNTIF(A:A,Table14[[#This Row],[Patient ID]]>1),"Returning Patient","New Patient") -> New Patient | Q25: =_xlfn.XLOOKUP(Table14[[#This Row],[Department]], Doctor_Info!A:A, Doctor_Info!C:C, "")&"" -> 102 | R25: =TEXT(Table14[[#This Row],[Admission Date]],"ddd") -> Mon | S25: =TEXT(Table14[[#This Row],[Admission Date]],"mmm") -> Feb | T25: =TEXT(Table14[[#This Row],[Admission Date]],"yyyy") -> 2024 | U25: =TEXT(Table14[[#This Row],[Admission Date]],"mmm-yyyy") -> Feb-2024 | V25: =MEDIAN($D$2:$D$484) -> 8
A26: HOSP-125 | B26: 45332 | D26: =IF(ISBLANK(Table14[[#This Row],[Discharge Date]]),TODAY()-Table14[[#This Row],[Admission Date]], Table14[[#This Row],[Discharge Date]]-Table14[[#This Row],[Admission Date]]) -> 806 | E26: =IF(Table14[[#This Row],[Discharge Date]]="","Still Admitted","Patient Discharged") -> Still Admitted | F26: =IF(WEEKDAY(Table14[[#This Row],[Admission Date]],2)>5,"Weekend","Weekday") -> Weekend | G26: Oncology | H26: 22 | I26: {=_xlfn.IFS(Table14[[#This Row],[Age]]<18,"Children",Table14[[#This Row],[Age]]<50,"Adult",Table14[[#This Row],[Age]]>=50,"Elderly")} -> Adult | J26: Female | K26: 18260 | L26: {=_xlfn.IFS(Table14[[#This Row],[Treatment Cost]]<50000,"Low Billing",Table14[[#This Row],[Treatment Cost]]<200000,"Moderate Billing",Table14[[#This Row],[Treatment Cost]]>=200000,"High Billing")} -> Low Billing | M26: Pending | N26: =IF(AND(Table14[[#This Row],[Outcome]]="Follow-up",Table14[[#This Row],[Admission Status]]="Patient Discharged"),"High Risk Patient","Low Risk Patient") -> Low Risk Patient | O26: =IFERROR(VLOOKUP(Table14[[#This Row],[Department]],Doctor_Info!A:D,2,FALSE), "") -> Dr. George | P26: =IF(COUNTIF(A:A,Table14[[#This Row],[Patient ID]]>1),"Returning Patient","New Patient") -> New Patient | Q26: =_xlfn.XLOOKUP(Table14[[#This Row],[Department]], Doctor_Info!A:A, Doctor_Info!C:C, "")&"" -> 405 | R26: =TEXT(Table14[[#This Row],[Admission Date]],"ddd") -> Sat | S26: =TEXT(Table14[[#This Row],[Admission Date]],"mmm") -> Feb | T26: =TEXT(Table14[[#This Row],[Admission Date]],"yyyy") -> 2024 | U26: =TEXT(Table14[[#This Row],[Admission Date]],"mmm-yyyy") -> Feb-2024 | V26: =MEDIAN($D$2:$D$484) -> 8
A27: HOSP-126 | B27: 45319 | C27: 45327 | D27: =IF(ISBLANK(Table14[[#This Row],[Discharge Date]]),TODAY()-Table14[[#This Row],[Admission Date]], Table14[[#This Row],[Discharge Date]]-Table14[[#This Row],[Admission Date]]) -> 8 | E27: =IF(Table14[[#This Row],[Discharge Date]]="","Still Admitted","Patient Discharged") -> Patient Discharged | F27: =IF(WEEKDAY(Table14[[#This Row],[Admission Date]],2)>5,"Weekend","Weekday") -> Weekend | G27: Cardiology | H27: 20 | I27: {=_xlfn.IFS(Table14[[#This Row],[Age]]<18,"Children",Table14[[#This Row],[Age]]<50,"Adult",Table14[[#This Row],[Age]]>=50,"Elderly")} -> Adult | J27: Male | K27: 19230 | L27: {=_xlfn.IFS(Table14[[#This Row],[Treatment Cost]]<50000,"Low Billing",Table14[[#This Row],[Treatment Cost]]<200000,"Moderate Billing",Table14[[#This Row],[Treatment Cost]]>=200000,"High Billing")} -> Low Billing | M27: Follow-up | N27: =IF(AND(Table14[[#This Row],[Outcome]]="Follow-up",Table14[[#This Row],[Admission Status]]="Patient Discharged"),"High Risk Patient","Low Risk Patient") -> High Risk Patient | O27: =IFERROR(VLOOKUP(Table14[[#This Row],[Department]],Doctor_Info!A:D,2,FALSE), "") -> Dr. Ada | P27: =IF(COUNTIF(A:A,Table14[[#This Row],[Patient ID]]>1),"Returning Patient","New Patient") -> New Patient | Q27: =_xlfn.XLOOKUP(Table14[[#This Row],[Department]], Doctor_Info!A:A, Doctor_Info!C:C, "")&"" -> 301 | R27: =TEXT(Table14[[#This Row],[Admission Date]],"ddd") -> Sun | S27: =TEXT(Table14[[#This Row],[Admission Date]],"mmm") -> Jan | T27: =TEXT(Table14[[#This Row],[Admission Date]],"yyyy") -> 2024 | U27: =TEXT(Table14[[#This Row],[Admission Date]],"mmm-yyyy") -> Jan-2024 | V27: =MEDIAN($D$2:$D$484) -> 8
A28: HOSP-127 | B28: 45323 | C28: 45324 | D28: =IF(ISBLANK(Table14[[#This Row],[Discharge Date]]),TODAY()-Table14[[#This Row],[Admission Date]], Table14[[#This Row],[Discharge Date]]-Table14[[#This Row],[Admission Date]]) -> 1 | E28: =IF(Table14[[#This Row],[Discharge Date]]="","Still Admitted","Patient Discharged") -> Patient Discharged | F28: =IF(WEEKDAY(Table14[[#This Row],[Admission Date]],2)>5,"Weekend","Weekday") -> Weekday | G28: Emergency Ward | H28: 18 | I28: {=_xlfn.IFS(Table14[[#This Row],[Age]]<18,"Children",Table14[[#This Row],[Age]]<50,"Adult",Table14[[#This Row],[Age]]>=50,"Elderly")} -> Adult | J28: Female | K28: 20200 | L28: {=_xlfn.IFS(Table14[[#This Row],[Treatment Cost]]<50000,"Low Billing",Table14[[#This Row],[Treatment Cost]]<200000,"Moderate Billing",Table14[[#This Row],[Treatment Cost]]>=200000,"High Billing")} -> Low Billing | M28: Recovered | N28: =IF(AND(Table14[[#This Row],[Outcome]]="Follow-up",Table14[[#This Row],[Admission Status]]="Patient Discharged"),"High Risk Patient","Low Risk Patient") -> Low Risk Patient | O28: =IFERROR(VLOOKUP(Table14[[#This Row],[Department]],Doctor_Info!A:D,2,FALSE), "") -> Dr. Kofi | P28: =IF(COUNTIF(A:A,Table14[[#This Row],[Patient ID]]>1),"Returning Patient","New Patient") -> New Patient | Q28: =_xlfn.XLOOKUP(Table14[[#This Row],[Department]], Doctor_Info!A:A, Doctor_Info!C:C, "")&"" -> 102 | R28: =TEXT(Table14[[#This Row],[Admission Date]],"ddd") -> Thu | S28: =TEXT(Table14[[#This Row],[Admission Date]],"mmm") -> Feb | T28: =TEXT(Table14[[#This Row],[Admission Date]],"yyyy") -> 2024 | U28: =TEXT(Table14[[#This Row],[Admission Date]],"mmm-yyyy") -> Feb-2024 | V28: =MEDIAN($D$2:$D$484) -> 8
A29: HOSP-128 | B29: 45325 | C29: 45337 | D29: =IF(ISBLANK(Table14[[#This Row],[Discharge Date]]),TODAY()-Table14[[#This Row],[Admission Date]], Table14[[#This Row],[Discharge Date]]-Table14[[#This Row],[Admission Date]]) -> 12 | E29: =IF(Table14[[#This Row],[Discharge Date]]="","Still Admitted","Patient Discharged") -> Patient Discharged | F29: =IF(WEEKDAY(Table14[[#This Row],[Admission Date]],2)>5,"Weekend","Weekday") -> Weekend | G29: Neurology | H29: 16 | I29: {=_xlfn.IFS(Table14[[#This Row],[Age]]<18,"Children",Table14[[#This Row],[Age]]<50,"Adult",Table14[[#This Row],[Age]]>=50,"Elderly")} -> Children | J29: Male | K29: 21170 | L29: {=_xlfn.IFS(Table14[[#This Row],[Treatment Cost]]<50000,"Low Billing",Table14[[#This Row],[Treatment Cost]]<200000,"Moderate Billing",Table14[[#This Row],[Treatment Cost]]>=200000,"High Billing")} -> Low Billing | M29: Follow-up | N29: =IF(AND(Table14[[#This Row],[Outcome]]="Follow-up",Table14[[#This Row],[Admission Status]]="Patient Discharged"),"High Risk Patient","Low Risk Patient") -> High Risk Patient | O29: =IFERROR(VLOOKUP(Table14[[#This Row],[Department]],Doctor_Info!A:D,2,FALSE), "") -> Dr. Temi | P29: =IF(COUNTIF(A:A,Table14[[#This Row],[Patient ID]]>1),"Returning Patient","New Patient") -> New Patient | Q29: =_xlfn.XLOOKUP(Table14[[#This Row],[Department]], Doctor_Info!A:A, Doctor_Info!C:C, "")&"" -> 502 | R29: =TEXT(Table14[[#This Row],[Admission Date]],"ddd") -> Sat | S29: =TEXT(Table14[[#This Row],[Admission Date]],"mmm") -> Feb | T29: =TEXT(Table14[[#This Row],[Admission Date]],"yyyy") -> 2024 | U29: =TEXT(Table14[[#This Row],[Admission Date]],"mmm-yyyy") -> Feb-2024 | V29: =MEDIAN($D$2:$D$484) -> 8
A30: HOSP-129 | B30: 45327 | C30: 45328 | D30: =IF(ISBLANK(Table14[[#This Row],[Discharge Date]]),TODAY()-Table14[[#This Row],[Admission Date]], Table14[[#This Row],[Discharge Date]]-Table14[[#This Row],[Admission Date]]) -> 1 | E30: =IF(Table14[[#This Row],[Discharge Date]]="","Still Admitted","Patient Discharged") -> Patient Discharged | F30: =IF(WEEKDAY(Table14[[#This Row],[Admission Date]],2)>5,"Weekend","Weekday") -> Weekday | G30: Emergency Ward | H30: 14 | I30: {=_xlfn.IFS(Table14[[#This Row],[Age]]<18,"Children",Table14[[#This Row],[Age]]<50,"Adult",Table14[[#This Row],[Age]]>=50,"Elderly")} -> Children | J30: Female | K30: 22140 | L30: {=_xlfn.IFS(Table14[[#This Row],[Treatment Cost]]<50000,"Low Billing",Table14[[#This Row],[Treatment Cost]]<200000,"Moderate Billing",Table14[[#This Row],[Treatment Cost]]>=200000,"High Billing")} -> Low Billing | M30: Recovered | N30: =IF(AND(Table14[[#This Row],[Outcome]]="Follow-up",Table14[[#This Row],[Admission Status]]="Patient Discharged"),"High Risk Patient","Low Risk Patient") -> Low Risk Patient | O30: =IFERROR(VLOOKUP(Table14[[#This Row],[Department]],Doctor_Info!A:D,2,FALSE), "") -> Dr. Kofi | P30: =IF(COUNTIF(A:A,Table14[[#This Row],[Patient ID]]>1),"Returning Patient","New Patient") -> New Patient | Q30: =_xlfn.XLOOKUP(Table14[[#This Row],[Department]], Doctor_Info!A:A, Doctor_Info!C:C, "")&"" -> 102 | R30: =TEXT(Table14[[#This Row],[Admission Date]],"ddd") -> Mon | S30: =TEXT(Table14[[#This Row],[Admission Date]],"mmm") -> Feb | T30: =TEXT(Table14[[#This Row],[Admission Date]],"yyyy") -> 2024 | U30: =TEXT(Table14[[#This Row],[Admission Date]],"mmm-yyyy") -> Feb-2024 | V30: =MEDIAN($D$2:$D$484) -> 8
A31: HOSP-130 | B31: 45332 | D31: =IF(ISBLANK(Table14[[#This Row],[Discharge Date]]),TODAY()-Table14[[#This Row],[Admission Date]], Table14[[#This Row],[Discharge Date]]-Table14[[#This Row],[Admission Date]]) -> 806 | E31: =IF(Table14[[#This Row],[Discharge Date]]="","Still Admitted","Patient Discharged") -> Still Admitted | F31: =IF(WEEKDAY(Table14[[#This Row],[Admission Date]],2)>5,"Weekend","Weekday") -> Weekend | G31: Oncology | H31: 12 | I31: {=_xlfn.IFS(Table14[[#This Row],[Age]]<18,"Children",Table14[[#This Row],[Age]]<50,"Adult",Table14[[#This Row],[Age]]>=50,"Elderly")} -> Children | J31: Female | K31: 23110 | L31: {=_xlfn.IFS(Table14[[#This Row],[Treatment Cost]]<50000,"Low Billing",Table14[[#This Row],[Treatment Cost]]<200000,"Moderate Billing",Table14[[#This Row],[Treatment Cost]]>=200000,"High Billing")} -> Low Billing | M31: Pending | N31: =IF(AND(Table14[[#This Row],[Outcome]]="Follow-up",Table14[[#This Row],[Admission Status]]="Patient Discharged"),"High Risk Patient","Low Risk Patient") -> Low Risk Patient | O31: =IFERROR(VLOOKUP(Table14[[#This Row],[Department]],Doctor_Info!A:D,2,FALSE), "") -> Dr. George | P31: =IF(COUNTIF(A:A,Table14[[#This Row],[Patient ID]]>1),"Returning Patient","New Patient") -> New Patient | Q31: =_xlfn.XLOOKUP(Table14[[#This Row],[Department]], Doctor_Info!A:A, Doctor_Info!C:C, "")&"" -> 405 | R31: =TEXT(Table14[[#This Row],[Admission Date]],"ddd") -> Sat | S31: =TEXT(Table14[[#This Row],[Admission Date]],"mmm") -> Feb | T31: =TEXT(Table14[[#This Row],[Admission Date]],"yyyy") -> 2024 | U31: =TEXT(Table14[[#This Row],[Admission Date]],"mmm-yyyy") -> Feb-2024 | V31: =MEDIAN($D$2:$D$484) -> 8
A32: HOSP-131 | B32: 45319 | C32: 45327 | D32: =IF(ISBLANK(Table14[[#This Row],[Discharge Date]]),TODAY()-Table14[[#This Row],[Admission Date]], Table14[[#This Row],[Discharge Date]]-Table14[[#This Row],[Admission Date]]) -> 8 | E32: =IF(Table14[[#This Row],[Discharge Date]]="","Still Admitted","Patient Discharged") -> Patient Discharged | F32: =IF(WEEKDAY(Table14[[#This Row],[Admission Date]],2)>5,"Weekend","Weekday") -> Weekend | G32: Cardiology | H32: 10 | I32: {=_xlfn.IFS(Table14[[#This Row],[Age]]<18,"Children",Table14[[#This Row],[Age]]<50,"Adult",Table14[[#This Row],[Age]]>=50,"Elderly")} -> Children | J32: Male | K32: 24080 | L32: {=_xlfn.IFS(Table14[[#This Row],[Treatment Cost]]<50000,"Low Billing",Table14[[#This Row],[Treatment Cost]]<200000,"Moderate Billing",Table14[[#This Row],[Treatment Cost]]>=200000,"High Billing")} -> Low Billing | M32: Follow-up | N32: =IF(AND(Table14[[#This Row],[Outcome]]="Follow-up",Table14[[#This Row],[Admission Status]]="Patient Discharged"),"High Risk Patient","Low Risk Patient") -> High Risk Patient | O32: =IFERROR(VLOOKUP(Table14[[#This Row],[Department]],Doctor_Info!A:D,2,FALSE), "") -> Dr. Ada | P32: =IF(COUNTIF(A:A,Table14[[#This Row],[Patient ID]]>1),"Returning Patient","New Patient") -> New Patient | Q32: =_xlfn.XLOOKUP(Table14[[#This Row],[Department]], Doctor_Info!A:A, Doctor_Info!C:C, "")&"" -> 301 | R32: =TEXT(Table14[[#This Row],[Admission Date]],"ddd") -> Sun | S32: =TEXT(Table14[[#This Row],[Admission Date]],"mmm") -> Jan | T32: =TEXT(Table14[[#This Row],[Admission Date]],"yyyy") -> 2024 | U32: =TEXT(Table14[[#This Row],[Admission Date]],"mmm-yyyy") -> Jan-2024 | V32: =MEDIAN($D$2:$D$484) -> 8
A33: HOSP-132 | B33: 45323 | C33: 45324 | D33: =IF(ISBLANK(Table14[[#This Row],[Discharge Date]]),TODAY()-Table14[[#This Row],[Admission Date]], Table14[[#This Row],[Discharge Date]]-Table14[[#This Row],[Admission Date]]) -> 1 | E33: =IF(Table14[[#This Row],[Discharge Date]]="","Still Admitted","Patient Discharged") -> Patient Discharged | F33: =IF(WEEKDAY(Table14[[#This Row],[Admission Date]],2)>5,"Weekend","Weekday") -> Weekday | G33: Emergency Ward | H33: 8 | I33: {=_xlfn.IFS(Table14[[#This Row],[Age]]<18,"Children",Table14[[#This Row],[Age]]<50,"Adult",Table14[[#This Row],[Age]]>=50,"Elderly")} -> Children | J33: Female | K33: 25050 | L33: {=_xlfn.IFS(Table14[[#This Row],[Treatment Cost]]<50000,"Low Billing",Table14[[#This Row],[Treatment Cost]]<200000,"Moderate Billing",Table14[[#This Row],[Treatment Cost]]>=200000,"High Billing")} -> Low Billing | M33: Recovered | N33: =IF(AND(Table14[[#This Row],[Outcome]]="Follow-up",Table14[[#This Row],[Admission Status]]="Patient Discharged"),"High Risk Patient","Low Risk Patient") -> Low Risk Patient | O33: =IFERROR(VLOOKUP(Table14[[#This Row],[Department]],Doctor_Info!A:D,2,FALSE), "") -> Dr. Kofi | P33: =IF(COUNTIF(A:A,Table14[[#This Row],[Patient ID]]>1),"Returning Patient","New Patient") -> New Patient | Q33: =_xlfn.XLOOKUP(Table14[[#This Row],[Department]], Doctor_Info!A:A, Doctor_Info!C:C, "")&"" -> 102 | R33: =TEXT(Table14[[#This Row],[Admission Date]],"ddd") -> Thu | S33: =TEXT(Table14[[#This Row],[Admission Date]],"mmm") -> Feb | T33: =TEXT(Table14[[#This Row],[Admission Date]],"yyyy") -> 2024 | U33: =TEXT(Table14[[#This Row],[Admission Date]],"mmm-yyyy") -> Feb-2024 | V33: =MEDIAN($D$2:$D$484) -> 8
A34: HOSP-133 | B34: 45325 | C34: 45337 | D34: =IF(ISBLANK(Table14[[#This Row],[Discharge Date]]),TODAY()-Table14[[#This Row],[Admission Date]], Table14[[#This Row],[Discharge Date]]-Table14[[#This Row],[Admission Date]]) -> 12 | E34: =IF(Table14[[#This Row],[Discharge Date]]="","Still Admitted","Patient Discharged") -> Patient Discharged | F34: =IF(WEEKDAY(Table14[[#This Row],[Admission Date]],2)>5,"Weekend","Weekday") -> Weekend | G34: Neurology | H34: 6 | I34: {=_xlfn.IFS(Table14[[#This Row],[Age]]<18,"Children",Table14[[#This Row],[Age]]<50,"Adult",Table14[[#This Row],[Age]]>=50,"Elderly")} -> Children | J34: Male | K34: 26020 | L34: {=_xlfn.IFS(Table14[[#This Row],[Treatment Cost]]<50000,"Low Billing",Table14[[#This Row],[Treatment Cost]]<200000,"Moderate Billing",Table14[[#This Row],[Treatment Cost]]>=200000,"High Billing")} -> Low Billing | M34: Follow-up | N34: =IF(AND(Table14[[#This Row],[Outcome]]="Follow-up",Table14[[#This Row],[Admission Status]]="Patient Discharged"),"High Risk Patient","Low Risk Patient") -> High Risk Patient | O34: =IFERROR(VLOOKUP(Table14[[#This Row],[Department]],Doctor_Info!A:D,2,FALSE), "") -> Dr. Temi | P34: =IF(COUNTIF(A:A,Table14[[#This Row],[Patient ID]]>1),"Returning Patient","New Patient") -> New Patient | Q34: =_xlfn.XLOOKUP(Table14[[#This Row],[Department]], Doctor_Info!A:A, Doctor_Info!C:C, "")&"" -> 502 | R34: =TEXT(Table14[[#This Row],[Admission Date]],"ddd") -> Sat | S34: =TEXT(Table14[[#This Row],[Admission Date]],"mmm") -> Feb | T34: =TEXT(Table14[[#This Row],[Admission Date]],"yyyy") -> 2024 | U34: =TEXT(Table14[[#This Row],[Admission Date]],"mmm-yyyy") -> Feb-2024 | V34: =MEDIAN($D$2:$D$484) -> 8
A35: HOSP-134 | B35: 45327 | C35: 45328 | D35: =IF(ISBLANK(Table14[[#This Row],[Discharge Date]]),TODAY()-Table14[[#This Row],[Admission Date]], Table14[[#This Row],[Discharge Date]]-Table14[[#This Row],[Admission Date]]) -> 1 | E35: =IF(Table14[[#This Row],[Discharge Date]]="","Still Admitted","Patient Discharged") -> Patient Discharged | F35: =IF(WEEKDAY(Table14[[#This Row],[Admission Date]],2)>5,"Weekend","Weekday") -> Weekday | G35: Emergency Ward | H35: 4 | I35: {=_xlfn.IFS(Table14[[#This Row],[Age]]<18,"Children",Table14[[#This Row],[Age]]<50,"Adult",Table14[[#This Row],[Age]]>=50,"Elderly")} -> Children | J35: Female | K35: 26990 | L35: {=_xlfn.IFS(Table14[[#This Row],[Treatment Cost]]<50000,"Low Billing",Table14[[#This Row],[Treatment Cost]]<200000,"Moderate Billing",Table14[[#This Row],[Treatment Cost]]>=200000,"High Billing")} -> Low Billing | M35: Recovered | N35: =IF(AND(Table14[[#This Row],[Outcome]]="Follow-up",Table14[[#This Row],[Admission Status]]="Patient Discharged"),"High Risk Patient","Low Risk Patient") -> Low Risk Patient | O35: =IFERROR(VLOOKUP(Table14[[#This Row],[Department]],Doctor_Info!A:D,2,FALSE), "") -> Dr. Kofi | P35: =IF(COUNTIF(A:A,Table14[[#This Row],[Patient ID]]>1),"Returning Patient","New Patient") -> New Patient | Q35: =_xlfn.XLOOKUP(Table14[[#This Row],[Department]], Doctor_Info!A:A, Doctor_Info!C:C, "")&"" -> 102 | R35: =TEXT(Table14[[#This Row],[Admission Date]],"ddd") -> Mon | S35: =TEXT(Table14[[#This Row],[Admission Date]],"mmm") -> Feb | T35: =TEXT(Table14[[#This Row],[Admission Date]],"yyyy") -> 2024 | U35: =TEXT(Table14[[#This Row],[Admission Date]],"mmm-yyyy") -> Feb-2024 | V35: =MEDIAN($D$2:$D$484) -> 8
A36: HOSP-135 | B36: 45332 | D36: =IF(ISBLANK(Table14[[#This Row],[Discharge Date]]),TODAY()-Table14[[#This Row],[Admission Date]], Table14[[#This Row],[Discharge Date]]-Table14[[#This Row],[Admission Date]]) -> 806 | E36: =IF(Table14[[#This Row],[Discharge Date]]="","Still Admitted","Patient Discharged") -> Still Admitted | F36: =IF(WEEKDAY(Table14[[#This Row],[Admission Date]],2)>5,"Weekend","Weekday") -> Weekend | G36: Oncology | H36: 2 | I36: {=_xlfn.IFS(Table14[[#This Row],[Age]]<18,"Children",Table14[[#This Row],[Age]]<50,"Adult",Table14[[#This Row],[Age]]>=50,"Elderly")} -> Children | J36: Female | K36: 27960 | L36: {=_xlfn.IFS(Table14[[#This Row],[Treatment Cost]]<50000,"Low Billing",Table14[[#This Row],[Treatment Cost]]<200000,"Moderate Billing",Table14[[#This Row],[Treatment Cost]]>=200000,"High Billing")} -> Low Billing | M36: Pending | N36: =IF(AND(Table14[[#This Row],[Outcome]]="Follow-up",Table14[[#This Row],[Admission Status]]="Patient Discharged"),"High Risk Patient","Low Risk Patient") -> Low Risk Patient | O36: =IFERROR(VLOOKUP(Table14[[#This Row],[Department]],Doctor_Info!A:D,2,FALSE), "") -> Dr. George | P36: =IF(COUNTIF(A:A,Table14[[#This Row],[Patient ID]]>1),"Returning Patient","New Patient") -> New Patient | Q36: =_xlfn.XLOOKUP(Table14[[#This Row],[Department]], Doctor_Info!A:A, Doctor_Info!C:C, "")&"" -> 405 | R36: =TEXT(Table14[[#This Row],[Admission Date]],"ddd") -> Sat | S36: =TEXT(Table14[[#This Row],[Admission Date]],"mmm") -> Feb | T36: =TEXT(Table14[[#This Row],[Admission Date]],"yyyy") -> 2024 | U36: =TEXT(Table14[[#This Row],[Admission Date]],"mmm-yyyy") -> Feb-2024 | V36: =MEDIAN($D$2:$D$484) -> 8
A37: HOSP-136 | B37: 45319 | C37: 45327 | D37: =IF(ISBLANK(Table14[[#This Row],[Discharge Date]]),TODAY()-Table14[[#This Row],[Admission Date]], Table14[[#This Row],[Discharge Date]]-Table14[[#This Row],[Admission Date]]) -> 8 | E37: =IF(Table14[[#This Row],[Discharge Date]]="","Still Admitted","Patient Discharged") -> Patient Discharged | F37: =IF(WEEKDAY(Table14[[#This Row],[Admission Date]],2)>5,"Weekend","Weekday") -> Weekend | G37: Cardiology | H37: 0 | I37: {=_xlfn.IFS(Table14[[#This Row],[Age]]<18,"Children",Table14[[#This Row],[Age]]<50,"Adult",Table14[[#This Row],[Age]]>=50,"Elderly")} -> Children | J37: Male | K37: 28930 | L37: {=_xlfn.IFS(Table14[[#This Row],[Treatment Cost]]<50000,"Low Billing",Table14[[#This Row],[Treatment Cost]]<200000,"Moderate Billing",Table14[[#This Row],[Treatment Cost]]>=200000,"High Billing")} -> Low Billing | M37: Follow-up | N37: =IF(AND(Table14[[#This Row],[Outcome]]="Follow-up",Table14[[#This Row],[Admission Status]]="Patient Discharged"),"High Risk Patient","Low Risk Patient") -> High Risk Patient | O37: =IFERROR(VLOOKUP(Table14[[#This Row],[Department]],Doctor_Info!A:D,2,FALSE), "") -> Dr. Ada | P37: =IF(COUNTIF(A:A,Table14[[#This Row],[Patient ID]]>1),"Returning Patient","New Patient") -> New Patient | Q37: =_xlfn.XLOOKUP(Table14[[#This Row],[Department]], Doctor_Info!A:A, Doctor_Info!C:C, "")&"" -> 301 | R37: =TEXT(Table14[[#This Row],[Admission Date]],"ddd") -> Sun | S37: =TEXT(Table14[[#This Row],[Admission Date]],"mmm") -> Jan | T37: =TEXT(Table14[[#This Row],[Admission Date]],"yyyy") -> 2024 | U37: =TEXT(Table14[[#This Row],[Admission Date]],"mmm-yyyy") -> Jan-2024 | V37: =MEDIAN($D$2:$D$484) -> 8
A38: HOSP-137 | B38: 45323 | C38: 45324 | D38: =IF(ISBLANK(Table14[[#This Row],[Discharge Date]]),TODAY()-Table14[[#This Row],[Admission Date]], Table14[[#This Row],[Discharge Date]]-Table14[[#This Row],[Admission Date]]) -> 1 | E38: =IF(Table14[[#This Row],[Discharge Date]]="","Still Admitted","Patient Discharged") -> Patient Discharged | F38: =IF(WEEKDAY(Table14[[#This Row],[Admission Date]],2)>5,"Weekend","Weekday") -> Weekday | G38: Emergency Ward | H38: 2 | I38: {=_xlfn.IFS(Table14[[#This Row],[Age]]<18,"Children",Table14[[#This Row],[Age]]<50,"Adult",Table14[[#This Row],[Age]]>=50,"Elderly")} -> Children | J38: Female | K38: 29900 | L38: {=_xlfn.IFS(Table14[[#This Row],[Treatment Cost]]<50000,"Low Billing",Table14[[#This Row],[Treatment Cost]]<200000,"Moderate Billing",Table14[[#This Row],[Treatment Cost]]>=200000,"High Billing")} -> Low Billing | M38: Recovered | N38: =IF(AND(Table14[[#This Row],[Outcome]]="Follow-up",Table14[[#This Row],[Admission Status]]="Patient Discharged"),"High Risk Patient","Low Risk Patient") -> Low Risk Patient | O38: =IFERROR(VLOOKUP(Table14[[#This Row],[Department]],Doctor_Info!A:D,2,FALSE), "") -> Dr. Kofi | P38: =IF(COUNTIF(A:A,Table14[[#This Row],[Patient ID]]>1),"Returning Patient","New Patient") -> New Patient | Q38: =_xlfn.XLOOKUP(Table14[[#This Row],[Department]], Doctor_Info!A:A, Doctor_Info!C:C, "")&"" -> 102 | R38: =TEXT(Table14[[#This Row],[Admission Date]],"ddd") -> Thu | S38: =TEXT(Table14[[#This Row],[Admission Date]],"mmm") -> Feb | T38: =TEXT(Table14[[#This Row],[Admission Date]],"yyyy") -> 2024 | U38: =TEXT(Table14[[#This Row],[Admission Date]],"mmm-yyyy") -> Feb-2024 | V38: =MEDIAN($D$2:$D$484) -> 8
A39: HOSP-138 | B39: 45325 | C39: 45337 | D39: =IF(ISBLANK(Table14[[#This Row],[Discharge Date]]),TODAY()-Table14[[#This Row],[Admission Date]], Table14[[#This Row],[Discharge Date]]-Table14[[#This Row],[Admission Date]]) -> 12 | E39: =IF(Table14[[#This Row],[Discharge Date]]="","Still Admitted","Patient Discharged") -> Patient Discharged | F39: =IF(WEEKDAY(Table14[[#This Row],[Admission Date]],2)>5,"Weekend","Weekday") -> Weekend | G39: Neurology | H39: 4 | I39: {=_xlfn.IFS(Table14[[#This Row],[Age]]<18,"Children",Table14[[#This Row],[Age]]<50,"Adult",Table14[[#This Row],[Age]]>=50,"Elderly")} -> Children | J39: Male | K39: 30870 | L39: {=_xlfn.IFS(Table14[[#This Row],[Treatment Cost]]<50000,"Low Billing",Table14[[#This Row],[Treatment Cost]]<200000,"Moderate Billing",Table14[[#This Row],[Treatment Cost]]>=200000,"High Billing")} -> Low Billing | M39: Follow-up | N39: =IF(AND(Table14[[#This Row],[Outcome]]="Follow-up",Table14[[#This Row],[Admission Status]]="Patient Discharged"),"High Risk Patient","Low Risk Patient") -> High Risk Patient | O39: =IFERROR(VLOOKUP(Table14[[#This Row],[Department]],Doctor_Info!A:D,2,FALSE), "") -> Dr. Temi | P39: =IF(COUNTIF(A:A,Table14[[#This Row],[Patient ID]]>1),"Returning Patient","New Patient") -> New Patient | Q39: =_xlfn.XLOOKUP(Table14[[#This Row],[Department]], Doctor_Info!A:A, Doctor_Info!C:C, "")&"" -> 502 | R39: =TEXT(Table14[[#This Row],[Admission Date]],"ddd") -> Sat | S39: =TEXT(Table14[[#This Row],[Admission Date]],"mmm") -> Feb | T39: =TEXT(Table14[[#This Row],[Admission Date]],"yyyy") -> 2024 | U39: =TEXT(Table14[[#This Row],[Admission Date]],"mmm-yyyy") -> Feb-2024 | V39: =MEDIAN($D$2:$D$484) -> 8
A40: HOSP-139 | B40: 45327 | C40: 45328 | D40: =IF(ISBLANK(Table14[[#This Row],[Discharge Date]]),TODAY()-Table14[[#This Row],[Admission Date]], Table14[[#This Row],[Discharge Date]]-Table14[[#This Row],[Admission Date]]) -> 1 | E40: =IF(Table14[[#This Row],[Discharge Date]]="","Still Admitted","Patient Discharged") -> Patient Discharged | F40: =IF(WEEKDAY(Table14[[#This Row],[Admission Date]],2)>5,"Weekend","Weekday") -> Weekday | G40: Emergency Ward | H40: 6 | I40: {=_xlfn.IFS(Table14[[#This Row],[Age]]<18,"Children",Table14[[#This Row],[Age]]<50,"Adult",Table14[[#This Row],[Age]]>=50,"Elderly")} -> Children | J40: Female | K40: 31840 | L40: {=_xlfn.IFS(Table14[[#This Row],[Treatment Cost]]<50000,"Low Billing",Table14[[#This Row],[Treatment Cost]]<200000,"Moderate Billing",Table14[[#This Row],[Treatment Cost]]>=200000,"High Billing")} -> Low Billing | M40: Recovered | N40: =IF(AND(Table14[[#This Row],[Outcome]]="Follow-up",Table14[[#This Row],[Admission Status]]="Patient Discharged"),"High Risk Patient","Low Risk Patient") -> Low Risk Patient | O40: =IFERROR(VLOOKUP(Table14[[#This Row],[Department]],Doctor_Info!A:D,2,FALSE), "") -> Dr. Kofi | P40: =IF(COUNTIF(A:A,Table14[[#This Row],[Patient ID]]>1),"Returning Patient","New Patient") -> New Patient | Q40: =_xlfn.XLOOKUP(Table14[[#This Row],[Department]], Doctor_Info!A:A, Doctor_Info!C:C, "")&"" -> 102 | R40: =TEXT(Table14[[#This Row],[Admission Date]],"ddd") -> Mon | S40: =TEXT(Table14[[#This Row],[Admission Date]],"mmm") -> Feb | T40: =TEXT(Table14[[#This Row],[Admission Date]],"yyyy") -> 2024 | U40: =TEXT(Table14[[#This Row],[Admission Date]],"mmm-yyyy") -> Feb-2024 | V40: =MEDIAN($D$2:$D$484) -> 8
A41: HOSP-140 | B41: 45332 | D41: =IF(ISBLANK(Table14[[#This Row],[Discharge Date]]),TODAY()-Table14[[#This Row],[Admission Date]], Table14[[#This Row],[Discharge Date]]-Table14[[#This Row],[Admission Date]]) -> 806 | E41: =IF(Table14[[#This Row],[Discharge Date]]="","Still Admitted","Patient Discharged") -> Still Admitted | F41: =IF(WEEKDAY(Table14[[#This Row],[Admission Date]],2)>5,"Weekend","Weekday") -> Weekend | G41: Oncology | H41: 8 | I41: {=_xlfn.IFS(Table14[[#This Row],[Age]]<18,"Children",Table14[[#This Row],[Age]]<50,"Adult",Table14[[#This Row],[Age]]>=50,"Elderly")} -> Children | J41: Female | K41: 32810 | L41: {=_xlfn.IFS(Table14[[#This Row],[Treatment Cost]]<50000,"Low Billing",Table14[[#This Row],[Treatment Cost]]<200000,"Moderate Billing",Table14[[#This Row],[Treatment Cost]]>=200000,"High Billing")} -> Low Billing | M41: Pending | N41: =IF(AND(Table14[[#This Row],[Outcome]]="Follow-up",Table14[[#This Row],[Admission Status]]="Patient Discharged"),"High Risk Patient","Low Risk Patient") -> Low Risk Patient | O41: =IFERROR(VLOOKUP(Table14[[#This Row],[Department]],Doctor_Info!A:D,2,FALSE), "") -> Dr. George | P41: =IF(COUNTIF(A:A,Table14[[#This Row],[Patient ID]]>1),"Returning Patient","New Patient") -> New Patient | Q41: =_xlfn.XLOOKUP(Table14[[#This Row],[Department]], Doctor_Info!A:A, Doctor_Info!C:C, "")&"" -> 405 | R41: =TEXT(Table14[[#This Row],[Admission Date]],"ddd") -> Sat | S41: =TEXT(Table14[[#This Row],[Admission Date]],"mmm") -> Feb | T41: =TEXT(Table14[[#This Row],[Admission Date]],"yyyy") -> 2024 | U41: =TEXT(Table14[[#This Row],[Admission Date]],"mmm-yyyy") -> Feb-2024 | V41: =MEDIAN($D$2:$D$484) -> 8
A42: HOSP-141 | B42: 45319 | C42: 45327 | D42: =IF(ISBLANK(Table14[[#This Row],[Discharge Date]]),TODAY()-Table14[[#This Row],[Admission Date]], Table14[[#This Row],[Discharge Date]]-Table14[[#This Row],[Admission Date]]) -> 8 | E42: =IF(Table14[[#This Row],[Discharge Date]]="","Still Admitted","Patient Discharged") -> Patient Discharged | F42: =IF(WEEKDAY(Table14[[#This Row],[Admission Date]],2)>5,"Weekend","Weekday") -> Weekend | G42: Cardiology | H42: 10 | I42: {=_xlfn.IFS(Table14[[#This Row],[Age]]<18,"Children",Table14[[#This Row],[Age]]<50,"Adult",Table14[[#This Row],[Age]]>=50,"Elderly")} -> Children | J42: Male | K42: 33780 | L42: {=_xlfn.IFS(Table14[[#This Row],[Treatment Cost]]<50000,"Low Billing",Table14[[#This Row],[Treatment Cost]]<200000,"Moderate Billing",Table14[[#This Row],[Treatment Cost]]>=200000,"High Billing")} -> Low Billing | M42: Follow-up | N42: =IF(AND(Table14[[#This Row],[Outcome]]="Follow-up",Table14[[#This Row],[Admission Status]]="Patient Discharged"),"High Risk Patient","Low Risk Patient") -> High Risk Patient | O42: =IFERROR(VLOOKUP(Table14[[#This Row],[Department]],Doctor_Info!A:D,2,FALSE), "") -> Dr. Ada | P42: =IF(COUNTIF(A:A,Table14[[#This Row],[Patient ID]]>1),"Returning Patient","New Patient") -> New Patient | Q42: =_xlfn.XLOOKUP(Table14[[#This Row],[Department]], Doctor_Info!A:A, Doctor_Info!C:C, "")&"" -> 301 | R42: =TEXT(Table14[[#This Row],[Admission Date]],"ddd") -> Sun | S42: =TEXT(Table14[[#This Row],[Admission Date]],"mmm") -> Jan | T42: =TEXT(Table14[[#This Row],[Admission Date]],"yyyy") -> 2024 | U42: =TEXT(Table14[[#This Row],[Admission Date]],"mmm-yyyy") -> Jan-2024 | V42: =MEDIAN($D$2:$D$484) -> 8
A43: HOSP-142 | B43: 45323 | C43: 45324 | D43: =IF(ISBLANK(Table14[[#This Row],[Discharge Date]]),TODAY()-Table14[[#This Row],[Admission Date]], Table14[[#This Row],[Discharge Date]]-Table14[[#This Row],[Admission Date]]) -> 1 | E43: =IF(Table14[[#This Row],[Discharge Date]]="","Still Admitted","Patient Discharged") -> Patient Discharged | F43: =IF(WEEKDAY(Table14[[#This Row],[Admission Date]],2)>5,"Weekend","Weekday") -> Weekday | G43: Emergency Ward | H43: 12 | I43: {=_xlfn.IFS(Table14[[#This Row],[Age]]<18,"Children",Table14[[#This Row],[Age]]<50,"Adult",Table14[[#This Row],[Age]]>=50,"Elderly")} -> Children | J43: Female | K43: 34750 | L43: {=_xlfn.IFS(Table14[[#This Row],[Treatment Cost]]<50000,"Low Billing",Table14[[#This Row],[Treatment Cost]]<200000,"Moderate Billing",Table14[[#This Row],[Treatment Cost]]>=200000,"High Billing")} -> Low Billing | M43: Recovered | N43: =IF(AND(Table14[[#This Row],[Outcome]]="Follow-up",Table14[[#This Row],[Admission Status]]="Patient Discharged"),"High Risk Patient","Low Risk Patient") -> Low Risk Patient | O43: =IFERROR(VLOOKUP(Table14[[#This Row],[Department]],Doctor_Info!A:D,2,FALSE), "") -> Dr. Kofi | P43: =IF(COUNTIF(A:A,Table14[[#This Row],[Patient ID]]>1),"Returning Patient","New Patient") -> New Patient | Q43: =_xlfn.XLOOKUP(Table14[[#This Row],[Department]], Doctor_Info!A:A, Doctor_Info!C:C, "")&"" -> 102 | R43: =TEXT(Table14[[#This Row],[Admission Date]],"ddd") -> Thu | S43: =TEXT(Table14[[#This Row],[Admission Date]],"mmm") -> Feb | T43: =TEXT(Table14[[#This Row],[Admission Date]],"yyyy") -> 2024 | U43: =TEXT(Table14[[#This Row],[Admission Date]],"mmm-yyyy") -> Feb-2024 | V43: =MEDIAN($D$2:$D$484) -> 8
A44: HOSP-143 | B44: 45325 | C44: 45337 | D44: =IF(ISBLANK(Table14[[#This Row],[Discharge Date]]),TODAY()-Table14[[#This Row],[Admission Date]], Table14[[#This Row],[Discharge Date]]-Table14[[#This Row],[Admission Date]]) -> 12 | E44: =IF(Table14[[#This Row],[Discharge Date]]="","Still Admitted","Patient Discharged") -> Patient Discharged | F44: =IF(WEEKDAY(Table14[[#This Row],[Admission Date]],2)>5,"Weekend","Weekday") -> Weekend | G44: Neurology | H44: 14 | I44: {=_xlfn.IFS(Table14[[#This Row],[Age]]<18,"Children",Table14[[#This Row],[Age]]<50,"Adult",Table14[[#This Row],[Age]]>=50,"Elderly")} -> Children | J44: Male | K44: 35720 | L44: {=_xlfn.IFS(Table14[[#This Row],[Treatment Cost]]<50000,"Low Billing",Table14[[#This Row],[Treatment Cost]]<200000,"Moderate Billing",Table14[[#This Row],[Treatment Cost]]>=200000,"High Billing")} -> Low Billing | M44: Follow-up | N44: =IF(AND(Table14[[#This Row],[Outcome]]="Follow-up",Table14[[#This Row],[Admission Status]]="Patient Discharged"),"High Risk Patient","Low Risk Patient") -> High Risk Patient | O44: =IFERROR(VLOOKUP(Table14[[#This Row],[Department]],Doctor_Info!A:D,2,FALSE), "") -> Dr. Temi | P44: =IF(COUNTIF(A:A,Table14[[#This Row],[Patient ID]]>1),"Returning Patient","New Patient") -> New Patient | Q44: =_xlfn.XLOOKUP(Table14[[#This Row],[Department]], Doctor_Info!A:A, Doctor_Info!C:C, "")&"" -> 502 | R44: =TEXT(Table14[[#This Row],[Admission Date]],"ddd") -> Sat | S44: =TEXT(Table14[[#This Row],[Admission Date]],"mmm") -> Feb | T44: =TEXT(Table14[[#This Row],[Admission Date]],"yyyy") -> 2024 | U44: =TEXT(Table14[[#This Row],[Admission Date]],"mmm-yyyy") -> Feb-2024 | V44: =MEDIAN($D$2:$D$484) -> 8
A45: HOSP-144 | B45: 45327 | C45: 45328 | D45: =IF(ISBLANK(Table14[[#This Row],[Discharge Date]]),TODAY()-Table14[[#This Row],[Admission Date]], Table14[[#This Row],[Discharge Date]]-Table14[[#This Row],[Admission Date]]) -> 1 | E45: =IF(Table14[[#This Row],[Discharge Date]]="","Still Admitted","Patient Discharged") -> Patient Discharged | F45: =IF(WEEKDAY(Table14[[#This Row],[Admission Date]],2)>5,"Weekend","Weekday") -> Weekday | G45: Emergency Ward | H45: 16 | I45: {=_xlfn.IFS(Table14[[#This Row],[Age]]<18,"Children",Table14[[#This Row],[Age]]<50,"Adult",Table14[[#This Row],[Age]]>=50,"Elderly")} -> Children | J45: Female | K45: 36690 | L45: {=_xlfn.IFS(Table14[[#This Row],[Treatment Cost]]<50000,"Low Billing",Table14[[#This Row],[Treatment Cost]]<200000,"Moderate Billing",Table14[[#This Row],[Treatment Cost]]>=200000,"High Billing")} -> Low Billing | M45: Recovered | N45: =IF(AND(Table14[[#This Row],[Outcome]]="Follow-up",Table14[[#This Row],[Admission Status]]="Patient Discharged"),"High Risk Patient","Low Risk Patient") -> Low Risk Patient | O45: =IFERROR(VLOOKUP(Table14[[#This Row],[Department]],Doctor_Info!A:D,2,FALSE), "") -> Dr. Kofi | P45: =IF(COUNTIF(A:A,Table14[[#This Row],[Patient ID]]>1),"Returning Patient","New Patient") -> New Patient | Q45: =_xlfn.XLOOKUP(Table14[[#This Row],[Department]], Doctor_Info!A:A, Doctor_Info!C:C, "")&"" -> 102 | R45: =TEXT(Table14[[#This Row],[Admission Date]],"ddd") -> Mon | S45: =TEXT(Table14[[#This Row],[Admission Date]],"mmm") -> Feb | T45: =TEXT(Table14[[#This Row],[Admission Date]],"yyyy") -> 2024 | U45: =TEXT(Table14[[#This Row],[Admission Date]],"mmm-yyyy") -> Feb-2024 | V45: =MEDIAN($D$2:$D$484) -> 8
A46: HOSP-145 | B46: 45332 | D46: =IF(ISBLANK(Table14[[#This Row],[Discharge Date]]),TODAY()-Table14[[#This Row],[Admission Date]], Table14[[#This Row],[Discharge Date]]-Table14[[#This Row],[Admission Date]]) -> 806 | E46: =IF(Table14[[#This Row],[Discharge Date]]="","Still Admitted","Patient Discharged") -> Still Admitted | F46: =IF(WEEKDAY(Table14[[#This Row],[Admission Date]],2)>5,"Weekend","Weekday") -> Weekend | G46: Oncology | H46: 18 | I46: {=_xlfn.IFS(Table14[[#This Row],[Age]]<18,"Children",Table14[[#This Row],[Age]]<50,"Adult",Table14[[#This Row],[Age]]>=50,"Elderly")} -> Adult | J46: Female | K46: 37660 | L46: {=_xlfn.IFS(Table14[[#This Row],[Treatment Cost]]<50000,"Low Billing",Table14[[#This Row],[Treatment Cost]]<200000,"Moderate Billing",Table14[[#This Row],[Treatment Cost]]>=200000,"High Billing")} -> Low Billing | M46: Pending | N46: =IF(AND(Table14[[#This Row],[Outcome]]="Follow-up",Table14[[#This Row],[Admission Status]]="Patient Discharged"),"High Risk Patient","Low Risk Patient") -> Low Risk Patient | O46: =IFERROR(VLOOKUP(Table14[[#This Row],[Department]],Doctor_Info!A:D,2,FALSE), "") -> Dr. George | P46: =IF(COUNTIF(A:A,Table14[[#This Row],[Patient ID]]>1),"Returning Patient","New Patient") -> New Patient | Q46: =_xlfn.XLOOKUP(Table14[[#This Row],[Department]], Doctor_Info!A:A, Doctor_Info!C:C, "")&"" -> 405 | R46: =TEXT(Table14[[#This Row],[Admission Date]],"ddd") -> Sat | S46: =TEXT(Table14[[#This Row],[Admission Date]],"mmm") -> Feb | T46: =TEXT(Table14[[#This Row],[Admission Date]],"yyyy") -> 2024 | U46: =TEXT(Table14[[#This Row],[Admission Date]],"mmm-yyyy") -> Feb-2024 | V46: =MEDIAN($D$2:$D$484) -> 8
A47: HOSP-146 | B47: 45319 | C47: 45327 | D47: =IF(ISBLANK(Table14[[#This Row],[Discharge Date]]),TODAY()-Table14[[#This Row],[Admission Date]], Table14[[#This Row],[Discharge Date]]-Table14[[#This Row],[Admission Date]]) -> 8 | E47: =IF(Table14[[#This Row],[Discharge Date]]="","Still Admitted","Patient Discharged") -> Patient Discharged | F47: =IF(WEEKDAY(Table14[[#This Row],[Admission Date]],2)>5,"Weekend","Weekday") -> Weekend | G47: Cardiology | H47: 20 | I47: {=_xlfn.IFS(Table14[[#This Row],[Age]]<18,"Children",Table14[[#This Row],[Age]]<50,"Adult",Table14[[#This Row],[Age]]>=50,"Elderly")} -> Adult | J47: Male | K47: 38630 | L47: {=_xlfn.IFS(Table14[[#This Row],[Treatment Cost]]<50000,"Low Billing",Table14[[#This Row],[Treatment Cost]]<200000,"Moderate Billing",Table14[[#This Row],[Treatment Cost]]>=200000,"High Billing")} -> Low Billing | M47: Follow-up | N47: =IF(AND(Table14[[#This Row],[Outcome]]="Follow-up",Table14[[#This Row],[Admission Status]]="Patient Discharged"),"High Risk Patient","Low Risk Patient") -> High Risk Patient | O47: =IFERROR(VLOOKUP(Table14[[#This Row],[Department]],Doctor_Info!A:D,2,FALSE), "") -> Dr. Ada | P47: =IF(COUNTIF(A:A,Table14[[#This Row],[Patient ID]]>1),"Returning Patient","New Patient") -> New Patient | Q47: =_xlfn.XLOOKUP(Table14[[#This Row],[Department]], Doctor_Info!A:A, Doctor_Info!C:C, "")&"" -> 301 | R47: =TEXT(Table14[[#This Row],[Admission Date]],"ddd") -> Sun | S47: =TEXT(Table14[[#This Row],[Admission Date]],"mmm") -> Jan | T47: =TEXT(Table14[[#This Row],[Admission Date]],"yyyy") -> 2024 | U47: =TEXT(Table14[[#This Row],[Admission Date]],"mmm-yyyy") -> Jan-2024 | V47: =MEDIAN($D$2:$D$484) -> 8
A48: HOSP-147 | B48: 45323 | C48: 45324 | D48: =IF(ISBLANK(Table14[[#This Row],[Discharge Date]]),TODAY()-Table14[[#This Row],[Admission Date]], Table14[[#This Row],[Discharge Date]]-Table14[[#This Row],[Admission Date]]) -> 1 | E48: =IF(Table14[[#This Row],[Discharge Date]]="","Still Admitted","Patient Discharged") -> Patient Discharged | F48: =IF(WEEKDAY(Table14[[#This Row],[Admission Date]],2)>5,"Weekend","Weekday") -> Weekday | G48: Emergency Ward | H48: 22 | I48: {=_xlfn.IFS(Table14[[#This Row],[Age]]<18,"Children",Table14[[#This Row],[Age]]<50,"Adult",Table14[[#This Row],[Age]]>=50,"Elderly")} -> Adult | J48: Female | K48: 39600 | L48: {=_xlfn.IFS(Table14[[#This Row],[Treatment Cost]]<50000,"Low Billing",Table14[[#This Row],[Treatment Cost]]<200000,"Moderate Billing",Table14[[#This Row],[Treatment Cost]]>=200000,"High Billing")} -> Low Billing | M48: Recovered | N48: =IF(AND(Table14[[#This Row],[Outcome]]="Follow-up",Table14[[#This Row],[Admission Status]]="Patient Discharged"),"High Risk Patient","Low Risk Patient") -> Low Risk Patient | O48: =IFERROR(VLOOKUP(Table14[[#This Row],[Department]],Doctor_Info!A:D,2,FALSE), "") -> Dr. Kofi | P48: =IF(COUNTIF(A:A,Table14[[#This Row],[Patient ID]]>1),"Returning Patient","New Patient") -> New Patient | Q48: =_xlfn.XLOOKUP(Table14[[#This Row],[Department]], Doctor_Info!A:A, Doctor_Info!C:C, "")&"" -> 102 | R48: =TEXT(Table14[[#This Row],[Admission Date]],"ddd") -> Thu | S48: =TEXT(Table14[[#This Row],[Admission Date]],"mmm") -> Feb | T48: =TEXT(Table14[[#This Row],[Admission Date]],"yyyy") -> 2024 | U48: =TEXT(Table14[[#This Row],[Admission Date]],"mmm-yyyy") -> Feb-2024 | V48: =MEDIAN($D$2:$D$484) -> 8
A49: HOSP-148 | B49: 45325 | C49: 45337 | D49: =IF(ISBLANK(Table14[[#This Row],[Discharge Date]]),TODAY()-Table14[[#This Row],[Admission Date]], Table14[[#This Row],[Discharge Date]]-Table14[[#This Row],[Admission Date]]) -> 12 | E49: =IF(Table14[[#This Row],[Discharge Date]]="","Still Admitted","Patient Discharged") -> Patient Discharged | F49: =IF(WEEKDAY(Table14[[#This Row],[Admission Date]],2)>5,"Weekend","Weekday") -> Weekend | G49: Neurology | H49: 24 | I49: {=_xlfn.IFS(Table14[[#This Row],[Age]]<18,"Children",Table14[[#This Row],[Age]]<50,"Adult",Table14[[#This Row],[Age]]>=50,"Elderly")} -> Adult | J49: Male | K49: 40570 | L49: {=_xlfn.IFS(Table14[[#This Row],[Treatment Cost]]<50000,"Low Billing",Table14[[#This Row],[Treatment Cost]]<200000,"Moderate Billing",Table14[[#This Row],[Treatment Cost]]>=200000,"High Billing")} -> Low Billing | M49: Follow-up | N49: =IF(AND(Table14[[#This Row],[Outcome]]="Follow-up",Table14[[#This Row],[Admission Status]]="Patient Discharged"),"High Risk Patient","Low Risk Patient") -> High Risk Patient | O49: =IFERROR(VLOOKUP(Table14[[#This Row],[Department]],Doctor_Info!A:D,2,FALSE), "") -> Dr. Temi | P49: =IF(COUNTIF(A:A,Table14[[#This Row],[Patient ID]]>1),"Returning Patient","New Patient") -> New Patient | Q49: =_xlfn.XLOOKUP(Table14[[#This Row],[Department]], Doctor_Info!A:A, Doctor_Info!C:C, "")&"" -> 502 | R49: =TEXT(Table14[[#This Row],[Admission Date]],"ddd") -> Sat | S49: =TEXT(Table14[[#This Row],[Admission Date]],"mmm") -> Feb | T49: =TEXT(Table14[[#This Row],[Admission Date]],"yyyy") -> 2024 | U49: =TEXT(Table14[[#This Row],[Admission Date]],"mmm-yyyy") -> Feb-2024 | V49: =MEDIAN($D$2:$D$484) -> 8
A50: HOSP-149 | B50: 45327 | C50: 45328 | D50: =IF(ISBLANK(Table14[[#This Row],[Discharge Date]]),TODAY()-Table14[[#This Row],[Admission Date]], Table14[[#This Row],[Discharge Date]]-Table14[[#This Row],[Admission Date]]) -> 1 | E50: =IF(Table14[[#This Row],[Discharge Date]]="","Still Admitted","Patient Discharged") -> Patient Discharged | F50: =IF(WEEKDAY(Table14[[#This Row],[Admission Date]],2)>5,"Weekend","Weekday") -> Weekday | G50: Emergency Ward | H50: 26 | I50: {=_xlfn.IFS(Table14[[#This Row],[Age]]<18,"Children",Table14[[#This Row],[Age]]<50,"Adult",Table14[[#This Row],[Age]]>=50,"Elderly")} -> Adult | J50: Female | K50: 41540 | L50: {=_xlfn.IFS(Table14[[#This Row],[Treatment Cost]]<50000,"Low Billing",Table14[[#This Row],[Treatment Cost]]<200000,"Moderate Billing",Table14[[#This Row],[Treatment Cost]]>=200000,"High Billing")} -> Low Billing | M50: Recovered | N50: =IF(AND(Table14[[#This Row],[Outcome]]="Follow-up",Table14[[#This Row],[Admission Status]]="Patient Discharged"),"High Risk Patient","Low Risk Patient") -> Low Risk Patient | O50: =IFERROR(VLOOKUP(Table14[[#This Row],[Department]],Doctor_Info!A:D,2,FALSE), "") -> Dr. Kofi | P50: =IF(COUNTIF(A:A,Table14[[#This Row],[Patient ID]]>1),"Returning Patient","New Patient") -> New Patient | Q50: =_xlfn.XLOOKUP(Table14[[#This Row],[Department]], Doctor_Info!A:A, Doctor_Info!C:C, "")&"" -> 102 | R50: =TEXT(Table14[[#This Row],[Admission Date]],"ddd") -> Mon | S50: =TEXT(Table14[[#This Row],[Admission Date]],"mmm") -> Feb | T50: =TEXT(Table14[[#This Row],[Admission Date]],"yyyy") -> 2024 | U50: =TEXT(Table14[[#This Row],[Admission Date]],"mmm-yyyy") -> Feb-2024 | V50: =MEDIAN($D$2:$D$484) -> 8
A51: HOSP-150 | B51: 45332 | D51: =IF(ISBLANK(Table14[[#This Row],[Discharge Date]]),TODAY()-Table14[[#This Row],[Admission Date]], Table14[[#This Row],[Discharge Date]]-Table14[[#This Row],[Admission Date]]) -> 806 | E51: =IF(Table14[[#This Row],[Discharge Date]]="","Still Admitted","Patient Discharged") -> Still Admitted | F51: =IF(WEEKDAY(Table14[[#This Row],[Admission Date]],2)>5,"Weekend","Weekday") -> Weekend | G51: Oncology | H51: 28 | I51: {=_xlfn.IFS(Table14[[#This Row],[Age]]<18,"Children",Table14[[#This Row],[Age]]<50,"Adult",Table14[[#This Row],[Age]]>=50,"Elderly")} -> Adult | J51: Female | K51: 42510 | L51: {=_xlfn.IFS(Table14[[#This Row],[Treatment Cost]]<50000,"Low Billing",Table14[[#This Row],[Treatment Cost]]<200000,"Moderate Billing",Table14[[#This Row],[Treatment Cost]]>=200000,"High Billing")} -> Low Billing | M51: Pending | N51: =IF(AND(Table14[[#This Row],[Outcome]]="Follow-up",Table14[[#This Row],[Admission Status]]="Patient Discharged"),"High Risk Patient","Low Risk Patient") -> Low Risk Patient | O51: =IFERROR(VLOOKUP(Table14[[#This Row],[Department]],Doctor_Info!A:D,2,FALSE), "") -> Dr. George | P51: =IF(COUNTIF(A:A,Table14[[#This Row],[Patient ID]]>1),"Returning Patient","New Patient") -> New Patient | Q51: =_xlfn.XLOOKUP(Table14[[#This Row],[Department]], Doctor_Info!A:A, Doctor_Info!C:C, "")&"" -> 405 | R51: =TEXT(Table14[[#This Row],[Admission Date]],"ddd") -> Sat | S51: =TEXT(Table14[[#This Row],[Admission Date]],"mmm") -> Feb | T51: =TEXT(Table14[[#This Row],[Admission Date]],"yyyy") -> 2024 | U51: =TEXT(Table14[[#This Row],[Admission Date]],"mmm-yyyy") -> Feb-2024 | V51: =MEDIAN($D$2:$D$484) -> 8
A52: HOSP-151 | B52: 45319 | C52: 45327 | D52: =IF(ISBLANK(Table14[[#This Row],[Discharge Date]]),TODAY()-Table14[[#This Row],[Admission Date]], Table14[[#This Row],[Discharge Date]]-Table14[[#This Row],[Admission Date]]) -> 8 | E52: =IF(Table14[[#This Row],[Discharge Date]]="","Still Admitted","Patient Discharged") -> Patient Discharged | F52: =IF(WEEKDAY(Table14[[#This Row],[Admission Date]],2)>5,"Weekend","Weekday") -> Weekend | G52: Cardiology | H52: 30 | I52: {=_xlfn.IFS(Table14[[#This Row],[Age]]<18,"Children",Table14[[#This Row],[Age]]<50,"Adult",Table14[[#This Row],[Age]]>=50,"Elderly")} -> Adult | J52: Male | K52: 43480 | L52: {=_xlfn.IFS(Table14[[#This Row],[Treatment Cost]]<50000,"Low Billing",Table14[[#This Row],[Treatment Cost]]<200000,"Moderate Billing",Table14[[#This Row],[Treatment Cost]]>=200000,"High Billing")} -> Low Billing | M52: Follow-up | N52: =IF(AND(Table14[[#This Row],[Outcome]]="Follow-up",Table14[[#This Row],[Admission Status]]="Patient Discharged"),"High Risk Patient","Low Risk Patient") -> High Risk Patient | O52: =IFERROR(VLOOKUP(Table14[[#This Row],[Department]],Doctor_Info!A:D,2,FALSE), "") -> Dr. Ada | P52: =IF(COUNTIF(A:A,Table14[[#This Row],[Patient ID]]>1),"Returning Patient","New Patient") -> New Patient | Q52: =_xlfn.XLOOKUP(Table14[[#This Row],[Department]], Doctor_Info!A:A, Doctor_Info!C:C, "")&"" -> 301 | R52: =TEXT(Table14[[#This Row],[Admission Date]],"ddd") -> Sun | S52: =TEXT(Table14[[#This Row],[Admission Date]],"mmm") -> Jan | T52: =TEXT(Table14[[#This Row],[Admission Date]],"yyyy") -> 2024 | U52: =TEXT(Table14[[#This Row],[Admission Date]],"mmm-yyyy") -> Jan-2024 | V52: =MEDIAN($D$2:$D$484) -> 8
A53: HOSP-152 | B53: 45323 | C53: 45324 | D53: =IF(ISBLANK(Table14[[#This Row],[Discharge Date]]),TODAY()-Table14[[#This Row],[Admission Date]], Table14[[#This Row],[Discharge Date]]-Table14[[#This Row],[Admission Date]]) -> 1 | E53: =IF(Table14[[#This Row],[Discharge Date]]="","Still Admitted","Patient Discharged") -> Patient Discharged | F53: =IF(WEEKDAY(Table14[[#This Row],[Admission Date]],2)>5,"Weekend","Weekday") -> Weekday | G53: Emergency Ward | H53: 32 | I53: {=_xlfn.IFS(Table14[[#This Row],[Age]]<18,"Children",Table14[[#This Row],[Age]]<50,"Adult",Table14[[#This Row],[Age]]>=50,"Elderly")} -> Adult | J53: Female | K53: 44450 | L53: {=_xlfn.IFS(Table14[[#This Row],[Treatment Cost]]<50000,"Low Billing",Table14[[#This Row],[Treatment Cost]]<200000,"Moderate Billing",Table14[[#This Row],[Treatment Cost]]>=200000,"High Billing")} -> Low Billing | M53: Recovered | N53: =IF(AND(Table14[[#This Row],[Outcome]]="Follow-up",Table14[[#This Row],[Admission Status]]="Patient Discharged"),"High Risk Patient","Low Risk Patient") -> Low Risk Patient | O53: =IFERROR(VLOOKUP(Table14[[#This Row],[Department]],Doctor_Info!A:D,2,FALSE), "") -> Dr. Kofi | P53: =IF(COUNTIF(A:A,Table14[[#This Row],[Patient ID]]>1),"Returning Patient","New Patient") -> New Patient | Q53: =_xlfn.XLOOKUP(Table14[[#This Row],[Department]], Doctor_Info!A:A, Doctor_Info!C:C, "")&"" -> 102 | R53: =TEXT(Table14[[#This Row],[Admission Date]],"ddd") -> Thu | S53: =TEXT(Table14[[#This Row],[Admission Date]],"mmm") -> Feb | T53: =TEXT(Table14[[#This Row],[Admission Date]],"yyyy") -> 2024 | U53: =TEXT(Table14[[#This Row],[Admission Date]],"mmm-yyyy") -> Feb-2024 | V53: =MEDIAN($D$2:$D$484) -> 8
A54: HOSP-153 | B54: 45325 | C54: 45337 | D54: =IF(ISBLANK(Table14[[#This Row],[Discharge Date]]),TODAY()-Table14[[#This Row],[Admission Date]], Table14[[#This Row],[Discharge Date]]-Table14[[#This Row],[Admission Date]]) -> 12 | E54: =IF(Table14[[#This Row],[Discharge Date]]="","Still Admitted","Patient Discharged") -> Patient Discharged | F54: =IF(WEEKDAY(Table14[[#This Row],[Admission Date]],2)>5,"Weekend","Weekday") -> Weekend | G54: Neurology | H54: 34 | I54: {=_xlfn.IFS(Table14[[#This Row],[Age]]<18,"Children",Table14[[#This Row],[Age]]<50,"Adult",Table14[[#This Row],[Age]]>=50,"Elderly")} -> Adult | J54: Male | K54: 45420 | L54: {=_xlfn.IFS(Table14[[#This Row],[Treatment Cost]]<50000,"Low Billing",Table14[[#This Row],[Treatment Cost]]<200000,"Moderate Billing",Table14[[#This Row],[Treatment Cost]]>=200000,"High Billing")} -> Low Billing | M54: Follow-up | N54: =IF(AND(Table14[[#This Row],[Outcome]]="Follow-up",Table14[[#This Row],[Admission Status]]="Patient Discharged"),"High Risk Patient","Low Risk Patient") -> High Risk Patient | O54: =IFERROR(VLOOKUP(Table14[[#This Row],[Department]],Doctor_Info!A:D,2,FALSE), "") -> Dr. Temi | P54: =IF(COUNTIF(A:A,Table14[[#This Row],[Patient ID]]>1),"Returning Patient","New Patient") -> New Patient | Q54: =_xlfn.XLOOKUP(Table14[[#This Row],[Department]], Doctor_Info!A:A, Doctor_Info!C:C, "")&"" -> 502 | R54: =TEXT(Table14[[#This Row],[Admission Date]],"ddd") -> Sat | S54: =TEXT(Table14[[#This Row],[Admission Date]],"mmm") -> Feb | T54: =TEXT(Table14[[#This Row],[Admission Date]],"yyyy") -> 2024 | U54: =TEXT(Table14[[#This Row],[Admission Date]],"mmm-yyyy") -> Feb-2024 | V54: =MEDIAN($D$2:$D$484) -> 8
A55: HOSP-154 | B55: 45327 | C55: 45328 | D55: =IF(ISBLANK(Table14[[#This Row],[Discharge Date]]),TODAY()-Table14[[#This Row],[Admission Date]], Table14[[#This Row],[Discharge Date]]-Table14[[#This Row],[Admission Date]]) -> 1 | E55: =IF(Table14[[#This Row],[Discharge Date]]="","Still Admitted","Patient Discharged") -> Patient Discharged | F55: =IF(WEEKDAY(Table14[[#This Row],[Admission Date]],2)>5,"Weekend","Weekday") -> Weekday | G55: Emergency Ward | H55: 36 | I55: {=_xlfn.IFS(Table14[[#This Row],[Age]]<18,"Children",Table14[[#This Row],[Age]]<50,"Adult",Table14[[#This Row],[Age]]>=50,"Elderly")} -> Adult | J55: Female | K55: 46390 | L55: {=_xlfn.IFS(Table14[[#This Row],[Treatment Cost]]<50000,"Low Billing",Table14[[#This Row],[Treatment Cost]]<200000,"Moderate Billing",Table14[[#This Row],[Treatment Cost]]>=200000,"High Billing")} -> Low Billing | M55: Recovered | N55: =IF(AND(Table14[[#This Row],[Outcome]]="Follow-up",Table14[[#This Row],[Admission Status]]="Patient Discharged"),"High Risk Patient","Low Risk Patient") -> Low Risk Patient | O55: =IFERROR(VLOOKUP(Table14[[#This Row],[Department]],Doctor_Info!A:D,2,FALSE), "") -> Dr. Kofi | P55: =IF(COUNTIF(A:A,Table14[[#This Row],[Patient ID]]>1),"Returning Patient","New Patient") -> New Patient | Q55: =_xlfn.XLOOKUP(Table14[[#This Row],[Department]], Doctor_Info!A:A, Doctor_Info!C:C, "")&"" -> 102 | R55: =TEXT(Table14[[#This Row],[Admission Date]],"ddd") -> Mon | S55: =TEXT(Table14[[#This Row],[Admission Date]],"mmm") -> Feb | T55: =TEXT(Table14[[#This Row],[Admission Date]],"yyyy") -> 2024 | U55: =TEXT(Table14[[#This Row],[Admission Date]],"mmm-yyyy") -> Feb-2024 | V55: =MEDIAN($D$2:$D$484) -> 8
A56: HOSP-155 | B56: 45332 | D56: =IF(ISBLANK(Table14[[#This Row],[Discharge Date]]),TODAY()-Table14[[#This Row],[Admission Date]], Table14[[#This Row],[Discharge Date]]-Table14[[#This Row],[Admission Date]]) -> 806 | E56: =IF(Table14[[#This Row],[Discharge Date]]="","Still Admitted","Patient Discharged") -> Still Admitted | F56: =IF(WEEKDAY(Table14[[#This Row],[Admission Date]],2)>5,"Weekend","Weekday") -> Weekend | G56: Oncology | H56: 38 | I56: {=_xlfn.IFS(Table14[[#This Row],[Age]]<18,"Children",Table14[[#This Row],[Age]]<50,"Adult",Table14[[#This Row],[Age]]>=50,"Elderly")} -> Adult | J56: Female | K56: 47360 | L56: {=_xlfn.IFS(Table14[[#This Row],[Treatment Cost]]<50000,"Low Billing",Table14[[#This Row],[Treatment Cost]]<200000,"Moderate Billing",Table14[[#This Row],[Treatment Cost]]>=200000,"High Billing")} -> Low Billing | M56: Pending | N56: =IF(AND(Table14[[#This Row],[Outcome]]="Follow-up",Table14[[#This Row],[Admission Status]]="Patient Discharged"),"High Risk Patient","Low Risk Patient") -> Low Risk Patient | O56: =IFERROR(VLOOKUP(Table14[[#This Row],[Department]],Doctor_Info!A:D,2,FALSE), "") -> Dr. George | P56: =IF(COUNTIF(A:A,Table14[[#This Row],[Patient ID]]>1),"Returning Patient","New Patient") -> New Patient | Q56: =_xlfn.XLOOKUP(Table14[[#This Row],[Department]], Doctor_Info!A:A, Doctor_Info!C:C, "")&"" -> 405 | R56: =TEXT(Table14[[#This Row],[Admission Date]],"ddd") -> Sat | S56: =TEXT(Table14[[#This Row],[Admission Date]],"mmm") -> Feb | T56: =TEXT(Table14[[#This Row],[Admission Date]],"yyyy") -> 2024 | U56: =TEXT(Table14[[#This Row],[Admission Date]],"mmm-yyyy") -> Feb-2024 | V56: =MEDIAN($D$2:$D$484) -> 8
A57: HOSP-156 | B57: 45319 | C57: 45327 | D57: =IF(ISBLANK(Table14[[#This Row],[Discharge Date]]),TODAY()-Table14[[#This Row],[Admission Date]], Table14[[#This Row],[Discharge Date]]-Table14[[#This Row],[Admission Date]]) -> 8 | E57: =IF(Table14[[#This Row],[Discharge Date]]="","Still Admitted","Patient Discharged") -> Patient Discharged | F57: =IF(WEEKDAY(Table14[[#This Row],[Admission Date]],2)>5,"Weekend","Weekday") -> Weekend | G57: Cardiology | H57: 40 | I57: {=_xlfn.IFS(Table14[[#This Row],[Age]]<18,"Children",Table14[[#This Row],[Age]]<50,"Adult",Table14[[#This Row],[Age]]>=50,"Elderly")} -> Adult | J57: Male | K57: 48330 | L57: {=_xlfn.IFS(Table14[[#This Row],[Treatment Cost]]<50000,"Low Billing",Table14[[#This Row],[Treatment Cost]]<200000,"Moderate Billing",Table14[[#This Row],[Treatment Cost]]>=200000,"High Billing")} -> Low Billing | M57: Follow-up | N57: =IF(AND(Table14[[#This Row],[Outcome]]="Follow-up",Table14[[#This Row],[Admission Status]]="Patient Discharged"),"High Risk Patient","Low Risk Patient") -> High Risk Patient | O57: =IFERROR(VLOOKUP(Table14[[#This Row],[Department]],Doctor_Info!A:D,2,FALSE), "") -> Dr. Ada | P57: =IF(COUNTIF(A:A,Table14[[#This Row],[Patient ID]]>1),"Returning Patient","New Patient") -> New Patient | Q57: =_xlfn.XLOOKUP(Table14[[#This Row],[Department]], Doctor_Info!A:A, Doctor_Info!C:C, "")&"" -> 301 | R57: =TEXT(Table14[[#This Row],[Admission Date]],"ddd") -> Sun | S57: =TEXT(Table14[[#This Row],[Admission Date]],"mmm") -> Jan | T57: =TEXT(Table14[[#This Row],[Admission Date]],"yyyy") -> 2024 | U57: =TEXT(Table14[[#This Row],[Admission Date]],"mmm-yyyy") -> Jan-2024 | V57: =MEDIAN($D$2:$D$484) -> 8
A58: HOSP-157 | B58: 45323 | C58: 45324 | D58: =IF(ISBLANK(Table14[[#This Row],[Discharge Date]]),TODAY()-Table14[[#This Row],[Admission Date]], Table14[[#This Row],[Discharge Date]]-Table14[[#This Row],[Admission Date]]) -> 1 | E58: =IF(Table14[[#This Row],[Discharge Date]]="","Still Admitted","Patient Discharged") -> Patient Discharged | F58: =IF(WEEKDAY(Table14[[#This Row],[Admission Date]],2)>5,"Weekend","Weekday") -> Weekday | G58: Emergency Ward | H58: 42 | I58: {=_xlfn.IFS(Table14[[#This Row],[Age]]<18,"Children",Table14[[#This Row],[Age]]<50,"Adult",Table14[[#This Row],[Age]]>=50,"Elderly")} -> Adult | J58: Female | K58: 49300 | L58: {=_xlfn.IFS(Table14[[#This Row],[Treatment Cost]]<50000,"Low Billing",Table14[[#This Row],[Treatment Cost]]<200000,"Moderate Billing",Table14[[#This Row],[Treatment Cost]]>=200000,"High Billing")} -> Low Billing | M58: Recovered | N58: =IF(AND(Table14[[#This Row],[Outcome]]="Follow-up",Table14[[#This Row],[Admission Status]]="Patient Discharged"),"High Risk Patient","Low Risk Patient") -> Low Risk Patient | O58: =IFERROR(VLOOKUP(Table14[[#This Row],[Department]],Doctor_Info!A:D,2,FALSE), "") -> Dr. Kofi | P58: =IF(COUNTIF(A:A,Table14[[#This Row],[Patient ID]]>1),"Returning Patient","New Patient") -> New Patient | Q58: =_xlfn.XLOOKUP(Table14[[#This Row],[Department]], Doctor_Info!A:A, Doctor_Info!C:C, "")&"" -> 102 | R58: =TEXT(Table14[[#This Row],[Admission Date]],"ddd") -> Thu | S58: =TEXT(Table14[[#This Row],[Admission Date]],"mmm") -> Feb | T58: =TEXT(Table14[[#This Row],[Admission Date]],"yyyy") -> 2024 | U58: =TEXT(Table14[[#This Row],[Admission Date]],"mmm-yyyy") -> Feb-2024 | V58: =MEDIAN($D$2:$D$484) -> 8
A59: HOSP-158 | B59: 45325 | C59: 45337 | D59: =IF(ISBLANK(Table14[[#This Row],[Discharge Date]]),TODAY()-Table14[[#This Row],[Admission Date]], Table14[[#This Row],[Discharge Date]]-Table14[[#This Row],[Admission Date]]) -> 12 | E59: =IF(Table14[[#This Row],[Discharge Date]]="","Still Admitted","Patient Discharged") -> Patient Discharged | F59: =IF(WEEKDAY(Table14[[#This Row],[Admission Date]],2)>5,"Weekend","Weekday") -> Weekend | G59: Neurology | H59: 44 | I59: {=_xlfn.IFS(Table14[[#This Row],[Age]]<18,"Children",Table14[[#This Row],[Age]]<50,"Adult",Table14[[#This Row],[Age]]>=50,"Elderly")} -> Adult | J59: Male | K59: 50270 | L59: {=_xlfn.IFS(Table14[[#This Row],[Treatment Cost]]<50000,"Low Billing",Table14[[#This Row],[Treatment Cost]]<200000,"Moderate Billing",Table14[[#This Row],[Treatment Cost]]>=200000,"High Billing")} -> Moderate Billing | M59: Follow-up | N59: =IF(AND(Table14[[#This Row],[Outcome]]="Follow-up",Table14[[#This Row],[Admission Status]]="Patient Discharged"),"High Risk Patient","Low Risk Patient") -> High Risk Patient | O59: =IFERROR(VLOOKUP(Table14[[#This Row],[Department]],Doctor_Info!A:D,2,FALSE), "") -> Dr. Temi | P59: =IF(COUNTIF(A:A,Table14[[#This Row],[Patient ID]]>1),"Returning Patient","New Patient") -> New Patient | Q59: =_xlfn.XLOOKUP(Table14[[#This Row],[Department]], Doctor_Info!A:A, Doctor_Info!C:C, "")&"" -> 502 | R59: =TEXT(Table14[[#This Row],[Admission Date]],"ddd") -> Sat | S59: =TEXT(Table14[[#This Row],[Admission Date]],"mmm") -> Feb | T59: =TEXT(Table14[[#This Row],[Admission Date]],"yyyy") -> 2024 | U59: =TEXT(Table14[[#This Row],[Admission Date]],"mmm-yyyy") -> Feb-2024 | V59: =MEDIAN($D$2:$D$484) -> 8
A60: HOSP-159 | B60: 45327 | C60: 45328 | D60: =IF(ISBLANK(Table14[[#This Row],[Discharge Date]]),TODAY()-Table14[[#This Row],[Admission Date]], Table14[[#This Row],[Discharge Date]]-Table14[[#This Row],[Admission Date]]) -> 1 | E60: =IF(Table14[[#This Row],[Discharge Date]]="","Still Admitted","Patient Discharged") -> Patient Discharged | F60: =IF(WEEKDAY(Table14[[#This Row],[Admission Date]],2)>5,"Weekend","Weekday") -> Weekday | G60: Emergency Ward | H60: 46 | I60: {=_xlfn.IFS(Table14[[#This Row],[Age]]<18,"Children",Table14[[#This Row],[Age]]<50,"Adult",Table14[[#This Row],[Age]]>=50,"Elderly")} -> Adult | J60: Female | K60: 51240 | L60: {=_xlfn.IFS(Table14[[#This Row],[Treatment Cost]]<50000,"Low Billing",Table14[[#This Row],[Treatment Cost]]<200000,"Moderate Billing",Table14[[#This Row],[Treatment Cost]]>=200000,"High Billing")} -> Moderate Billing | M60: Recovered | N60: =IF(AND(Table14[[#This Row],[Outcome]]="Follow-up",Table14[[#This Row],[Admission Status]]="Patient Discharged"),"High Risk Patient","Low Risk Patient") -> Low Risk Patient | O60: =IFERROR(VLOOKUP(Table14[[#This Row],[Department]],Doctor_Info!A:D,2,FALSE), "") -> Dr. Kofi | P60: =IF(COUNTIF(A:A,Table14[[#This Row],[Patient ID]]>1),"Returning Patient","New Patient") -> New Patient | Q60: =_xlfn.XLOOKUP(Table14[[#This Row],[Department]], Doctor_Info!A:A, Doctor_Info!C:C, "")&"" -> 102 | R60: =TEXT(Table14[[#This Row],[Admission Date]],"ddd") -> Mon | S60: =TEXT(Table14[[#This Row],[Admission Date]],"mmm") -> Feb | T60: =TEXT(Table14[[#This Row],[Admission Date]],"yyyy") -> 2024 | U60: =TEXT(Table14[[#This Row],[Admission Date]],"mmm-yyyy") -> Feb-2024 | V60: =MEDIAN($D$2:$D$484) -> 8
A61: HOSP-160 | B61: 45332 | D61: =IF(ISBLANK(Table14[[#This Row],[Discharge Date]]),TODAY()-Table14[[#This Row],[Admission Date]], Table14[[#This Row],[Discharge Date]]-Table14[[#This Row],[Admission Date]]) -> 806 | E61: =IF(Table14[[#This Row],[Discharge Date]]="","Still Admitted","Patient Discharged") -> Still Admitted | F61: =IF(WEEKDAY(Table14[[#This Row],[Admission Date]],2)>5,"Weekend","Weekday") -> Weekend | G61: Oncology | H61: 48 | I61: {=_xlfn.IFS(Table14[[#This Row],[Age]]<18,"Children",Table14[[#This Row],[Age]]<50,"Adult",Table14[[#This Row],[Age]]>=50,"Elderly")} -> Adult | J61: Female | K61: 52210 | L61: {=_xlfn.IFS(Table14[[#This Row],[Treatment Cost]]<50000,"Low Billing",Table14[[#This Row],[Treatment Cost]]<200000,"Moderate Billing",Table14[[#This Row],[Treatment Cost]]>=200000,"High Billing")} -> Moderate Billing | M61: Pending | N61: =IF(AND(Table14[[#This Row],[Outcome]]="Follow-up",Table14[[#This Row],[Admission Status]]="Patient Discharged"),"High Risk Patient","Low Risk Patient") -> Low Risk Patient | O61: =IFERROR(VLOOKUP(Table14[[#This Row],[Department]],Doctor_Info!A:D,2,FALSE), "") -> Dr. George | P61: =IF(COUNTIF(A:A,Table14[[#This Row],[Patient ID]]>1),"Returning Patient","New Patient") -> New Patient | Q61: =_xlfn.XLOOKUP(Table14[[#This Row],[Department]], Doctor_Info!A:A, Doctor_Info!C:C, "")&"" -> 405 | R61: =TEXT(Table14[[#This Row],[Admission Date]],"ddd") -> Sat | S61: =TEXT(Table14[[#This Row],[Admission Date]],"mmm") -> Feb | T61: =TEXT(Table14[[#This Row],[Admission Date]],"yyyy") -> 2024 | U61: =TEXT(Table14[[#This Row],[Admission Date]],"mmm-yyyy") -> Feb-2024 | V61: =MEDIAN($D$2:$D$484) -> 8
A62: HOSP-161 | B62: 45319 | C62: 45327 | D62: =IF(ISBLANK(Table14[[#This Row],[Discharge Date]]),TODAY()-Table14[[#This Row],[Admission Date]], Table14[[#This Row],[Discharge Date]]-Table14[[#This Row],[Admission Date]]) -> 8 | E62: =IF(Table14[[#This Row],[Discharge Date]]="","Still Admitted","Patient Discharged") -> Patient Discharged | F62: =IF(WEEKDAY(Table14[[#This Row],[Admission Date]],2)>5,"Weekend","Weekday") -> Weekend | G62: Cardiology | H62: 50 | I62: {=_xlfn.IFS(Table14[[#This Row],[Age]]<18,"Children",Table14[[#This Row],[Age]]<50,"Adult",Table14[[#This Row],[Age]]>=50,"Elderly")} -> Elderly | J62: Male | K62: 53180 | L62: {=_xlfn.IFS(Table14[[#This Row],[Treatment Cost]]<50000,"Low Billing",Table14[[#This Row],[Treatment Cost]]<200000,"Moderate Billing",Table14[[#This Row],[Treatment Cost]]>=200000,"High Billing")} -> Moderate Billing | M62: Follow-up | N62: =IF(AND(Table14[[#This Row],[Outcome]]="Follow-up",Table14[[#This Row],[Admission Status]]="Patient Discharged"),"High Risk Patient","Low Risk Patient") -> High Risk Patient | O62: =IFERROR(VLOOKUP(Table14[[#This Row],[Department]],Doctor_Info!A:D,2,FALSE), "") -> Dr. Ada | P62: =IF(COUNTIF(A:A,Table14[[#This Row],[Patient ID]]>1),"Returning Patient","New Patient") -> New Patient | Q62: =_xlfn.XLOOKUP(Table14[[#This Row],[Department]], Doctor_Info!A:A, Doctor_Info!C:C, "")&"" -> 301 | R62: =TEXT(Table14[[#This Row],[Admission Date]],"ddd") -> Sun | S62: =TEXT(Table14[[#This Row],[Admission Date]],"mmm") -> Jan | T62: =TEXT(Table14[[#This Row],[Admission Date]],"yyyy") -> 2024 | U62: =TEXT(Table14[[#This Row],[Admission Date]],"mmm-yyyy") -> Jan-2024 | V62: =MEDIAN($D$2:$D$484) -> 8
A63: HOSP-162 | B63: 45323 | C63: 45324 | D63: =IF(ISBLANK(Table14[[#This Row],[Discharge Date]]),TODAY()-Table14[[#This Row],[Admission Date]], Table14[[#This Row],[Discharge Date]]-Table14[[#This Row],[Admission Date]]) -> 1 | E63: =IF(Table14[[#This Row],[Discharge Date]]="","Still Admitted","Patient Discharged") -> Patient Discharged | F63: =IF(WEEKDAY(Table14[[#This Row],[Admission Date]],2)>5,"Weekend","Weekday") -> Weekday | G63: Emergency Ward | H63: 52 | I63: {=_xlfn.IFS(Table14[[#This Row],[Age]]<18,"Children",Table14[[#This Row],[Age]]<50,"Adult",Table14[[#This Row],[Age]]>=50,"Elderly")} -> Elderly | J63: Female | K63: 54150 | L63: {=_xlfn.IFS(Table14[[#This Row],[Treatment Cost]]<50000,"Low Billing",Table14[[#This Row],[Treatment Cost]]<200000,"Moderate Billing",Table14[[#This Row],[Treatment Cost]]>=200000,"High Billing")} -> Moderate Billing | M63: Recovered | N63: =IF(AND(Table14[[#This Row],[Outcome]]="Follow-up",Table14[[#This Row],[Admission Status]]="Patient Discharged"),"High Risk Patient","Low Risk Patient") -> Low Risk Patient | O63: =IFERROR(VLOOKUP(Table14[[#This Row],[Department]],Doctor_Info!A:D,2,FALSE), "") -> Dr. Kofi | P63: =IF(COUNTIF(A:A,Table14[[#This Row],[Patient ID]]>1),"Returning Patient","New Patient") -> New Patient | Q63: =_xlfn.XLOOKUP(Table14[[#This Row],[Department]], Doctor_Info!A:A, Doctor_Info!C:C, "")&"" -> 102 | R63: =TEXT(Table14[[#This Row],[Admission Date]],"ddd") -> Thu | S63: =TEXT(Table14[[#This Row],[Admission Date]],"mmm") -> Feb | T63: =TEXT(Table14[[#This Row],[Admission Date]],"yyyy") -> 2024 | U63: =TEXT(Table14[[#This Row],[Admission Date]],"mmm-yyyy") -> Feb-2024 | V63: =MEDIAN($D$2:$D$484) -> 8
A64: HOSP-163 | B64: 45325 | C64: 45337 | D64: =IF(ISBLANK(Table14[[#This Row],[Discharge Date]]),TODAY()-Table14[[#This Row],[Admission Date]], Table14[[#This Row],[Discharge Date]]-Table14[[#This Row],[Admission Date]]) -> 12 | E64: =IF(Table14[[#This Row],[Discharge Date]]="","Still Admitted","Patient Discharged") -> Patient Discharged | F64: =IF(WEEKDAY(Table14[[#This Row],[Admission Date]],2)>5,"Weekend","Weekday") -> Weekend | G64: Neurology | H64: 54 | I64: {=_xlfn.IFS(Table14[[#This Row],[Age]]<18,"Children",Table14[[#This Row],[Age]]<50,"Adult",Table14[[#This Row],[Age]]>=50,"Elderly")} -> Elderly | J64: Male | K64: 55120 | L64: {=_xlfn.IFS(Table14[[#This Row],[Treatment Cost]]<50000,"Low Billing",Table14[[#This Row],[Treatment Cost]]<200000,"Moderate Billing",Table14[[#This Row],[Treatment Cost]]>=200000,"High Billing")} -> Moderate Billing | M64: Follow-up | N64: =IF(AND(Table14[[#This Row],[Outcome]]="Follow-up",Table14[[#This Row],[Admission Status]]="Patient Discharged"),"High Risk Patient","Low Risk Patient") -> High Risk Patient | O64: =IFERROR(VLOOKUP(Table14[[#This Row],[Department]],Doctor_Info!A:D,2,FALSE), "") -> Dr. Temi | P64: =IF(COUNTIF(A:A,Table14[[#This Row],[Patient ID]]>1),"Returning Patient","New Patient") -> New Patient | Q64: =_xlfn.XLOOKUP(Table14[[#This Row],[Department]], Doctor_Info!A:A, Doctor_Info!C:C, "")&"" -> 502 | R64: =TEXT(Table14[[#This Row],[Admission Date]],"ddd") -> Sat | S64: =TEXT(Table14[[#This Row],[Admission Date]],"mmm") -> Feb | T64: =TEXT(Table14[[#This Row],[Admission Date]],"yyyy") -> 2024 | U64: =TEXT(Table14[[#This Row],[Admission Date]],"mmm-yyyy") -> Feb-2024 | V64: =MEDIAN($D$2:$D$484) -> 8
A65: HOSP-164 | B65: 45327 | C65: 45328 | D65: =IF(ISBLANK(Table14[[#This Row],[Discharge Date]]),TODAY()-Table14[[#This Row],[Admission Date]], Table14[[#This Row],[Discharge Date]]-Table14[[#This Row],[Admission Date]]) -> 1 | E65: =IF(Table14[[#This Row],[Discharge Date]]="","Still Admitted","Patient Discharged") -> Patient Discharged | F65: =IF(WEEKDAY(Table14[[#This Row],[Admission Date]],2)>5,"Weekend","Weekday") -> Weekday | G65: Emergency Ward | H65: 56 | I65: {=_xlfn.IFS(Table14[[#This Row],[Age]]<18,"Children",Table14[[#This Row],[Age]]<50,"Adult",Table14[[#This Row],[Age]]>=50,"Elderly")} -> Elderly | J65: Female | K65: 56090 | L65: {=_xlfn.IFS(Table14[[#This Row],[Treatment Cost]]<50000,"Low Billing",Table14[[#This Row],[Treatment Cost]]<200000,"Moderate Billing",Table14[[#This Row],[Treatment Cost]]>=200000,"High Billing")} -> Moderate Billing | M65: Recovered | N65: =IF(AND(Table14[[#This Row],[Outcome]]="Follow-up",Table14[[#This Row],[Admission Status]]="Patient Discharged"),"High Risk Patient","Low Risk Patient") -> Low Risk Patient | O65: =IFERROR(VLOOKUP(Table14[[#This Row],[Department]],Doctor_Info!A:D,2,FALSE), "") -> Dr. Kofi | P65: =IF(COUNTIF(A:A,Table14[[#This Row],[Patient ID]]>1),"Returning Patient","New Patient") -> New Patient | Q65: =_xlfn.XLOOKUP(Table14[[#This Row],[Department]], Doctor_Info!A:A, Doctor_Info!C:C, "")&"" -> 102 | R65: =TEXT(Table14[[#This Row],[Admission Date]],"ddd") -> Mon | S65: =TEXT(Table14[[#This Row],[Admission Date]],"mmm") -> Feb | T65: =TEXT(Table14[[#This Row],[Admission Date]],"yyyy") -> 2024 | U65: =TEXT(Table14[[#This Row],[Admission Date]],"mmm-yyyy") -> Feb-2024 | V65: =MEDIAN($D$2:$D$484) -> 8
A66: HOSP-165 | B66: 45332 | D66: =IF(ISBLANK(Table14[[#This Row],[Discharge Date]]),TODAY()-Table14[[#This Row],[Admission Date]], Table14[[#This Row],[Discharge Date]]-Table14[[#This Row],[Admission Date]]) -> 806 | E66: =IF(Table14[[#This Row],[Discharge Date]]="","Still Admitted","Patient Discharged") -> Still Admitted | F66: =IF(WEEKDAY(Table14[[#This Row],[Admission Date]],2)>5,"Weekend","Weekday") -> Weekend | G66: Oncology | H66: 58 | I66: {=_xlfn.IFS(Table14[[#This Row],[Age]]<18,"Children",Table14[[#This Row],[Age]]<50,"Adult",Table14[[#This Row],[Age]]>=50,"Elderly")} -> Elderly | J66: Female | K66: 57060 | L66: {=_xlfn.IFS(Table14[[#This Row],[Treatment Cost]]<50000,"Low Billing",Table14[[#This Row],[Treatment Cost]]<200000,"Moderate Billing",Table14[[#This Row],[Treatment Cost]]>=200000,"High Billing")} -> Moderate Billing | M66: Pending | N66: =IF(AND(Table14[[#This Row],[Outcome]]="Follow-up",Table14[[#This Row],[Admission Status]]="Patient Discharged"),"High Risk Patient","Low Risk Patient") -> Low Risk Patient | O66: =IFERROR(VLOOKUP(Table14[[#This Row],[Department]],Doctor_Info!A:D,2,FALSE), "") -> Dr. George | P66: =IF(COUNTIF(A:A,Table14[[#This Row],[Patient ID]]>1),"Returning Patient","New Patient") -> New Patient | Q66: =_xlfn.XLOOKUP(Table14[[#This Row],[Department]], Doctor_Info!A:A, Doctor_Info!C:C, "")&"" -> 405 | R66: =TEXT(Table14[[#This Row],[Admission Date]],"ddd") -> Sat | S66: =TEXT(Table14[[#This Row],[Admission Date]],"mmm") -> Feb | T66: =TEXT(Table14[[#This Row],[Admission Date]],"yyyy") -> 2024 | U66: =TEXT(Table14[[#This Row],[Admission Date]],"mmm-yyyy") -> Feb-2024 | V66: =MEDIAN($D$2:$D$484) -> 8
A67: HOSP-166 | B67: 45319 | C67: 45327 | D67: =IF(ISBLANK(Table14[[#This Row],[Discharge Date]]),TODAY()-Table14[[#This Row],[Admission Date]], Table14[[#This Row],[Discharge Date]]-Table14[[#This Row],[Admission Date]]) -> 8 | E67: =IF(Table14[[#This Row],[Discharge Date]]="","Still Admitted","Patient Discharged") -> Patient Discharged | F67: =IF(WEEKDAY(Table14[[#This Row],[Admission Date]],2)>5,"Weekend","Weekday") -> Weekend | G67: Cardiology | H67: 60 | I67: {=_xlfn.IFS(Table14[[#This Row],[Age]]<18,"Children",Table14[[#This Row],[Age]]<50,"Adult",Table14[[#This Row],[Age]]>=50,"Elderly")} -> Elderly | J67: Male | K67: 58030 | L67: {=_xlfn.IFS(Table14[[#This Row],[Treatment Cost]]<50000,"Low Billing",Table14[[#This Row],[Treatment Cost]]<200000,"Moderate Billing",Table14[[#This Row],[Treatment Cost]]>=200000,"High Billing")} -> Moderate Billing | M67: Follow-up | N67: =IF(AND(Table14[[#This Row],[Outcome]]="Follow-up",Table14[[#This Row],[Admission Status]]="Patient Discharged"),"High Risk Patient","Low Risk Patient") -> High Risk Patient | O67: =IFERROR(VLOOKUP(Table14[[#This Row],[Department]],Doctor_Info!A:D,2,FALSE), "") -> Dr. Ada | P67: =IF(COUNTIF(A:A,Table14[[#This Row],[Patient ID]]>1),"Returning Patient","New Patient") -> New Patient | Q67: =_xlfn.XLOOKUP(Table14[[#This Row],[Department]], Doctor_Info!A:A, Doctor_Info!C:C, "")&"" -> 301 | R67: =TEXT(Table14[[#This Row],[Admission Date]],"ddd") -> Sun | S67: =TEXT(Table14[[#This Row],[Admission Date]],"mmm") -> Jan | T67: =TEXT(Table14[[#This Row],[Admission Date]],"yyyy") -> 2024 | U67: =TEXT(Table14[[#This Row],[Admission Date]],"mmm-yyyy") -> Jan-2024 | V67: =MEDIAN($D$2:$D$484) -> 8
A68: HOSP-167 | B68: 45323 | C68: 45324 | D68: =IF(ISBLANK(Table14[[#This Row],[Discharge Date]]),TODAY()-Table14[[#This Row],[Admission Date]], Table14[[#This Row],[Discharge Date]]-Table14[[#This Row],[Admission Date]]) -> 1 | E68: =IF(Table14[[#This Row],[Discharge Date]]="","Still Admitted","Patient Discharged") -> Patient Discharged | F68: =IF(WEEKDAY(Table14[[#This Row],[Admission Date]],2)>5,"Weekend","Weekday") -> Weekday | G68: Emergency Ward | H68: 62 | I68: {=_xlfn.IFS(Table14[[#This Row],[Age]]<18,"Children",Table14[[#This Row],[Age]]<50,"Adult",Table14[[#This Row],[Age]]>=50,"Elderly")} -> Elderly | J68: Female | K68: 59000 | L68: {=_xlfn.IFS(Table14[[#This Row],[Treatment Cost]]<50000,"Low Billing",Table14[[#This Row],[Treatment Cost]]<200000,"Moderate Billing",Table14[[#This Row],[Treatment Cost]]>=200000,"High Billing")} -> Moderate Billing | M68: Recovered | N68: =IF(AND(Table14[[#This Row],[Outcome]]="Follow-up",Table14[[#This Row],[Admission Status]]="Patient Discharged"),"High Risk Patient","Low Risk Patient") -> Low Risk Patient | O68: =IFERROR(VLOOKUP(Table14[[#This Row],[Department]],Doctor_Info!A:D,2,FALSE), "") -> Dr. Kofi | P68: =IF(COUNTIF(A:A,Table14[[#This Row],[Patient ID]]>1),"Returning Patient","New Patient") -> New Patient | Q68: =_xlfn.XLOOKUP(Table14[[#This Row],[Department]], Doctor_Info!A:A, Doctor_Info!C:C, "")&"" -> 102 | R68: =TEXT(Table14[[#This Row],[Admission Date]],"ddd") -> Thu | S68: =TEXT(Table14[[#This Row],[Admission Date]],"mmm") -> Feb | T68: =TEXT(Table14[[#This Row],[Admission Date]],"yyyy") -> 2024 | U68: =TEXT(Table14[[#This Row],[Admission Date]],"mmm-yyyy") -> Feb-2024 | V68: =MEDIAN($D$2:$D$484) -> 8
A69: HOSP-168 | B69: 45325 | C69: 45337 | D69: =IF(ISBLANK(Table14[[#This Row],[Discharge Date]]),TODAY()-Table14[[#This Row],[Admission Date]], Table14[[#This Row],[Discharge Date]]-Table14[[#This Row],[Admission Date]]) -> 12 | E69: =IF(Table14[[#This Row],[Discharge Date]]="","Still Admitted","Patient Discharged") -> Patient Discharged | F69: =IF(WEEKDAY(Table14[[#This Row],[Admission Date]],2)>5,"Weekend","Weekday") -> Weekend | G69: Neurology | H69: 64 | I69: {=_xlfn.IFS(Table14[[#This Row],[Age]]<18,"Children",Table14[[#This Row],[Age]]<50,"Adult",Table14[[#This Row],[Age]]>=50,"Elderly")} -> Elderly | J69: Male | K69: 59970 | L69: {=_xlfn.IFS(Table14[[#This Row],[Treatment Cost]]<50000,"Low Billing",Table14[[#This Row],[Treatment Cost]]<200000,"Moderate Billing",Table14[[#This Row],[Treatment Cost]]>=200000,"High Billing")} -> Moderate Billing | M69: Follow-up | N69: =IF(AND(Table14[[#This Row],[Outcome]]="Follow-up",Table14[[#This Row],[Admission Status]]="Patient Discharged"),"High Risk Patient","Low Risk Patient") -> High Risk Patient | O69: =IFERROR(VLOOKUP(Table14[[#This Row],[Department]],Doctor_Info!A:D,2,FALSE), "") -> Dr. Temi | P69: =IF(COUNTIF(A:A,Table14[[#This Row],[Patient ID]]>1),"Returning Patient","New Patient") -> New Patient | Q69: =_xlfn.XLOOKUP(Table14[[#This Row],[Department]], Doctor_Info!A:A, Doctor_Info!C:C, "")&"" -> 502 | R69: =TEXT(Table14[[#This Row],[Admission Date]],"ddd") -> Sat | S69: =TEXT(Table14[[#This Row],[Admission Date]],"mmm") -> Feb | T69: =TEXT(Table14[[#This Row],[Admission Date]],"yyyy") -> 2024 | U69: =TEXT(Table14[[#This Row],[Admission Date]],"mmm-yyyy") -> Feb-2024 | V69: =MEDIAN($D$2:$D$484) -> 8
A70: HOSP-169 | B70: 45327 | C70: 45328 | D70: =IF(ISBLANK(Table14[[#This Row],[Discharge Date]]),TODAY()-Table14[[#This Row],[Admission Date]], Table14[[#This Row],[Discharge Date]]-Table14[[#This Row],[Admission Date]]) -> 1 | E70: =IF(Table14[[#This Row],[Discharge Date]]="","Still Admitted","Patient Discharged") -> Patient Discharged | F70: =IF(WEEKDAY(Table14[[#This Row],[Admission Date]],2)>5,"Weekend","Weekday") -> Weekday | G70: Emergency Ward | H70: 66 | I70: {=_xlfn.IFS(Table14[[#This Row],[Age]]<18,"Children",Table14[[#This Row],[Age]]<50,"Adult",Table14[[#This Row],[Age]]>=50,"Elderly")} -> Elderly | J70: Female | K70: 60940 | L70: {=_xlfn.IFS(Table14[[#This Row],[Treatment Cost]]<50000,"Low Billing",Table14[[#This Row],[Treatment Cost]]<200000,"Moderate Billing",Table14[[#This Row],[Treatment Cost]]>=200000,"High Billing")} -> Moderate Billing | M70: Recovered | N70: =IF(AND(Table14[[#This Row],[Outcome]]="Follow-up",Table14[[#This Row],[Admission Status]]="Patient Discharged"),"High Risk Patient","Low Risk Patient") -> Low Risk Patient | O70: =IFERROR(VLOOKUP(Table14[[#This Row],[Department]],Doctor_Info!A:D,2,FALSE), "") -> Dr. Kofi | P70: =IF(COUNTIF(A:A,Table14[[#This Row],[Patient ID]]>1),"Returning Patient","New Patient") -> New Patient | Q70: =_xlfn.XLOOKUP(Table14[[#This Row],[Department]], Doctor_Info!A:A, Doctor_Info!C:C, "")&"" -> 102 | R70: =TEXT(Table14[[#This Row],[Admission Date]],"ddd") -> Mon | S70: =TEXT(Table14[[#This Row],[Admission Date]],"mmm") -> Feb | T70: =TEXT(Table14[[#This Row],[Admission Date]],"yyyy") -> 2024 | U70: =TEXT(Table14[[#This Row],[Admission Date]],"mmm-yyyy") -> Feb-2024 | V70: =MEDIAN($D$2:$D$484) -> 8
A71: HOSP-170 | B71: 45332 | D71: =IF(ISBLANK(Table14[[#This Row],[Discharge Date]]),TODAY()-Table14[[#This Row],[Admission Date]], Table14[[#This Row],[Discharge Date]]-Table14[[#This Row],[Admission Date]]) -> 806 | E71: =IF(Table14[[#This Row],[Discharge Date]]="","Still Admitted","Patient Discharged") -> Still Admitted | F71: =IF(WEEKDAY(Table14[[#This Row],[Admission Date]],2)>5,"Weekend","Weekday") -> Weekend | G71: Oncology | H71: 68 | I71: {=_xlfn.IFS(Table14[[#This Row],[Age]]<18,"Children",Table14[[#This Row],[Age]]<50,"Adult",Table14[[#This Row],[Age]]>=50,"Elderly")} -> Elderly | J71: Female | K71: 61910 | L71: {=_xlfn.IFS(Table14[[#This Row],[Treatment Cost]]<50000,"Low Billing",Table14[[#This Row],[Treatment Cost]]<200000,"Moderate Billing",Table14[[#This Row],[Treatment Cost]]>=200000,"High Billing")} -> Moderate Billing | M71: Pending | N71: =IF(AND(Table14[[#This Row],[Outcome]]="Follow-up",Table14[[#This Row],[Admission Status]]="Patient Discharged"),"High Risk Patient","Low Risk Patient") -> Low Risk Patient | O71: =IFERROR(VLOOKUP(Table14[[#This Row],[Department]],Doctor_Info!A:D,2,FALSE), "") -> Dr. George | P71: =IF(COUNTIF(A:A,Table14[[#This Row],[Patient ID]]>1),"Returning Patient","New Patient") -> New Patient | Q71: =_xlfn.XLOOKUP(Table14[[#This Row],[Department]], Doctor_Info!A:A, Doctor_Info!C:C, "")&"" -> 405 | R71: =TEXT(Table14[[#This Row],[Admission Date]],"ddd") -> Sat | S71: =TEXT(Table14[[#This Row],[Admission Date]],"mmm") -> Feb | T71: =TEXT(Table14[[#This Row],[Admission Date]],"yyyy") -> 2024 | U71: =TEXT(Table14[[#This Row],[Admission Date]],"mmm-yyyy") -> Feb-2024 | V71: =MEDIAN($D$2:$D$484) -> 8
A72: HOSP-171 | B72: 45319 | C72: 45327 | D72: =IF(ISBLANK(Table14[[#This Row],[Discharge Date]]),TODAY()-Table14[[#This Row],[Admission Date]], Table14[[#This Row],[Discharge Date]]-Table14[[#This Row],[Admission Date]]) -> 8 | E72: =IF(Table14[[#This Row],[Discharge Date]]="","Still Admitted","Patient Discharged") -> Patient Discharged | F72: =IF(WEEKDAY(Table14[[#This Row],[Admission Date]],2)>5,"Weekend","Weekday") -> Weekend | G72: Cardiology | H72: 70 | I72: {=_xlfn.IFS(Table14[[#This Row],[Age]]<18,"Children",Table14[[#This Row],[Age]]<50,"Adult",Table14[[#This Row],[Age]]>=50,"Elderly")} -> Elderly | J72: Male | K72: 62880 | L72: {=_xlfn.IFS(Table14[[#This Row],[Treatment Cost]]<50000,"Low Billing",Table14[[#This Row],[Treatment Cost]]<200000,"Moderate Billing",Table14[[#This Row],[Treatment Cost]]>=200000,"High Billing")} -> Moderate Billing | M72: Follow-up | N72: =IF(AND(Table14[[#This Row],[Outcome]]="Follow-up",Table14[[#This Row],[Admission Status]]="Patient Discharged"),"High Risk Patient","Low Risk Patient") -> High Risk Patient | O72: =IFERROR(VLOOKUP(Table14[[#This Row],[Department]],Doctor_Info!A:D,2,FALSE), "") -> Dr. Ada | P72: =IF(COUNTIF(A:A,Table14[[#This Row],[Patient ID]]>1),"Returning Patient","New Patient") -> New Patient | Q72: =_xlfn.XLOOKUP(Table14[[#This Row],[Department]], Doctor_Info!A:A, Doctor_Info!C:C, "")&"" -> 301 | R72: =TEXT(Table14[[#This Row],[Admission Date]],"ddd") -> Sun | S72: =TEXT(Table14[[#This Row],[Admission Date]],"mmm") -> Jan | T72: =TEXT(Table14[[#This Row],[Admission Date]],"yyyy") -> 2024 | U72: =TEXT(Table14[[#This Row],[Admission Date]],"mmm-yyyy") -> Jan-2024 | V72: =MEDIAN($D$2:$D$484) -> 8
A73: HOSP-172 | B73: 45323 | C73: 45324 | D73: =IF(ISBLANK(Table14[[#This Row],[Discharge Date]]),TODAY()-Table14[[#This Row],[Admission Date]], Table14[[#This Row],[Discharge Date]]-Table14[[#This Row],[Admission Date]]) -> 1 | E73: =IF(Table14[[#This Row],[Discharge Date]]="","Still Admitted","Patient Discharged") -> Patient Discharged | F73: =IF(WEEKDAY(Table14[[#This Row],[Admission Date]],2)>5,"Weekend","Weekday") -> Weekday | G73: Emergency Ward | H73: 72 | I73: {=_xlfn.IFS(Table14[[#This Row],[Age]]<18,"Children",Table14[[#This Row],[Age]]<50,"Adult",Table14[[#This Row],[Age]]>=50,"Elderly")} -> Elderly | J73: Female | K73: 63850 | L73: {=_xlfn.IFS(Table14[[#This Row],[Treatment Cost]]<50000,"Low Billing",Table14[[#This Row],[Treatment Cost]]<200000,"Moderate Billing",Table14[[#This Row],[Treatment Cost]]>=200000,"High Billing")} -> Moderate Billing | M73: Recovered | N73: =IF(AND(Table14[[#This Row],[Outcome]]="Follow-up",Table14[[#This Row],[Admission Status]]="Patient Discharged"),"High Risk Patient","Low Risk Patient") -> Low Risk Patient | O73: =IFERROR(VLOOKUP(Table14[[#This Row],[Department]],Doctor_Info!A:D,2,FALSE), "") -> Dr. Kofi | P73: =IF(COUNTIF(A:A,Table14[[#This Row],[Patient ID]]>1),"Returning Patient","New Patient") -> New Patient | Q73: =_xlfn.XLOOKUP(Table14[[#This Row],[Department]], Doctor_Info!A:A, Doctor_Info!C:C, "")&"" -> 102 | R73: =TEXT(Table14[[#This Row],[Admission Date]],"ddd") -> Thu | S73: =TEXT(Table14[[#This Row],[Admission Date]],"mmm") -> Feb | T73: =TEXT(Table14[[#This Row],[Admission Date]],"yyyy") -> 2024 | U73: =TEXT(Table14[[#This Row],[Admission Date]],"mmm-yyyy") -> Feb-2024 | V73: =MEDIAN($D$2:$D$484) -> 8
A74: HOSP-173 | B74: 45325 | C74: 45337 | D74: =IF(ISBLANK(Table14[[#This Row],[Discharge Date]]),TODAY()-Table14[[#This Row],[Admission Date]], Table14[[#This Row],[Discharge Date]]-Table14[[#This Row],[Admission Date]]) -> 12 | E74: =IF(Table14[[#This Row],[Discharge Date]]="","Still Admitted","Patient Discharged") -> Patient Discharged | F74: =IF(WEEKDAY(Table14[[#This Row],[Admission Date]],2)>5,"Weekend","Weekday") -> Weekend | G74: Neurology | H74: 74 | I74: {=_xlfn.IFS(Table14[[#This Row],[Age]]<18,"Children",Table14[[#This Row],[Age]]<50,"Adult",Table14[[#This Row],[Age]]>=50,"Elderly")} -> Elderly | J74: Male | K74: 64820 | L74: {=_xlfn.IFS(Table14[[#This Row],[Treatment Cost]]<50000,"Low Billing",Table14[[#This Row],[Treatment Cost]]<200000,"Moderate Billing",Table14[[#This Row],[Treatment Cost]]>=200000,"High Billing")} -> Moderate Billing | M74: Follow-up | N74: =IF(AND(Table14[[#This Row],[Outcome]]="Follow-up",Table14[[#This Row],[Admission Status]]="Patient Discharged"),"High Risk Patient","Low Risk Patient") -> High Risk Patient | O74: =IFERROR(VLOOKUP(Table14[[#This Row],[Department]],Doctor_Info!A:D,2,FALSE), "") -> Dr. Temi | P74: =IF(COUNTIF(A:A,Table14[[#This Row],[Patient ID]]>1),"Returning Patient","New Patient") -> New Patient | Q74: =_xlfn.XLOOKUP(Table14[[#This Row],[Department]], Doctor_Info!A:A, Doctor_Info!C:C, "")&"" -> 502 | R74: =TEXT(Table14[[#This Row],[Admission Date]],"ddd") -> Sat | S74: =TEXT(Table14[[#This Row],[Admission Date]],"mmm") -> Feb | T74: =TEXT(Table14[[#This Row],[Admission Date]],"yyyy") -> 2024 | U74: =TEXT(Table14[[#This Row],[Admission Date]],"mmm-yyyy") -> Feb-2024 | V74: =MEDIAN($D$2:$D$484) -> 8
A75: HOSP-174 | B75: 45327 | C75: 45328 | D75: =IF(ISBLANK(Table14[[#This Row],[Discharge Date]]),TODAY()-Table14[[#This Row],[Admission Date]], Table14[[#This Row],[Discharge Date]]-Table14[[#This Row],[Admission Date]]) -> 1 | E75: =IF(Table14[[#This Row],[Discharge Date]]="","Still Admitted","Patient Discharged") -> Patient Discharged | F75: =IF(WEEKDAY(Table14[[#This Row],[Admission Date]],2)>5,"Weekend","Weekday") -> Weekday | G75: Emergency Ward | H75: 76 | I75: {=_xlfn.IFS(Table14[[#This Row],[Age]]<18,"Children",Table14[[#This Row],[Age]]<50,"Adult",Table14[[#This Row],[Age]]>=50,"Elderly")} -> Elderly | J75: Female | K75: 65790 | L75: {=_xlfn.IFS(Table14[[#This Row],[Treatment Cost]]<50000,"Low Billing",Table14[[#This Row],[Treatment Cost]]<200000,"Moderate Billing",Table14[[#This Row],[Treatment Cost]]>=200000,"High Billing")} -> Moderate Billing | M75: Recovered | N75: =IF(AND(Table14[[#This Row],[Outcome]]="Follow-up",Table14[[#This Row],[Admission Status]]="Patient Discharged"),"High Risk Patient","Low Risk Patient") -> Low Risk Patient | O75: =IFERROR(VLOOKUP(Table14[[#This Row],[Department]],Doctor_Info!A:D,2,FALSE), "") -> Dr. Kofi | P75: =IF(COUNTIF(A:A,Table14[[#This Row],[Patient ID]]>1),"Returning Patient","New Patient") -> New Patient | Q75: =_xlfn.XLOOKUP(Table14[[#This Row],[Department]], Doctor_Info!A:A, Doctor_Info!C:C, "")&"" -> 102 | R75: =TEXT(Table14[[#This Row],[Admission Date]],"ddd") -> Mon | S75: =TEXT(Table14[[#This Row],[Admission Date]],"mmm") -> Feb | T75: =TEXT(Table14[[#This Row],[Admission Date]],"yyyy") -> 2024 | U75: =TEXT(Table14[[#This Row],[Admission Date]],"mmm-yyyy") -> Feb-2024 | V75: =MEDIAN($D$2:$D$484) -> 8
A76: HOSP-175 | B76: 45332 | D76: =IF(ISBLANK(Table14[[#This Row],[Discharge Date]]),TODAY()-Table14[[#This Row],[Admission Date]], Table14[[#This Row],[Discharge Date]]-Table14[[#This Row],[Admission Date]]) -> 806 | E76: =IF(Table14[[#This Row],[Discharge Date]]="","Still Admitted","Patient Discharged") -> Still Admitted | F76: =IF(WEEKDAY(Table14[[#This Row],[Admission Date]],2)>5,"Weekend","Weekday") -> Weekend | G76: Oncology | H76: 78 | I76: {=_xlfn.IFS(Table14[[#This Row],[Age]]<18,"Children",Table14[[#This Row],[Age]]<50,"Adult",Table14[[#This Row],[Age]]>=50,"Elderly")} -> Elderly | J76: Female | K76: 66760 | L76: {=_xlfn.IFS(Table14[[#This Row],[Treatment Cost]]<50000,"Low Billing",Table14[[#This Row],[Treatment Cost]]<200000,"Moderate Billing",Table14[[#This Row],[Treatment Cost]]>=200000,"High Billing")} -> Moderate Billing | M76: Pending | N76: =IF(AND(Table14[[#This Row],[Outcome]]="Follow-up",Table14[[#This Row],[Admission Status]]="Patient Discharged"),"High Risk Patient","Low Risk Patient") -> Low Risk Patient | O76: =IFERROR(VLOOKUP(Table14[[#This Row],[Department]],Doctor_Info!A:D,2,FALSE), "") -> Dr. George | P76: =IF(COUNTIF(A:A,Table14[[#This Row],[Patient ID]]>1),"Returning Patient","New Patient") -> New Patient | Q76: =_xlfn.XLOOKUP(Table14[[#This Row],[Department]], Doctor_Info!A:A, Doctor_Info!C:C, "")&"" -> 405 | R76: =TEXT(Table14[[#This Row],[Admission Date]],"ddd") -> Sat | S76: =TEXT(Table14[[#This Row],[Admission Date]],"mmm") -> Feb | T76: =TEXT(Table14[[#This Row],[Admission Date]],"yyyy") -> 2024 | U76: =TEXT(Table14[[#This Row],[Admission Date]],"mmm-yyyy") -> Feb-2024 | V76: =MEDIAN($D$2:$D$484) -> 8
A77: HOSP-176 | B77: 45319 | C77: 45327 | D77: =IF(ISBLANK(Table14[[#This Row],[Discharge Date]]),TODAY()-Table14[[#This Row],[Admission Date]], Table14[[#This Row],[Discharge Date]]-Table14[[#This Row],[Admission Date]]) -> 8 | E77: =IF(Table14[[#This Row],[Discharge Date]]="","Still Admitted","Patient Discharged") -> Patient Discharged | F77: =IF(WEEKDAY(Table14[[#This Row],[Admission Date]],2)>5,"Weekend","Weekday") -> Weekend | G77: Cardiology | H77: 80 | I77: {=_xlfn.IFS(Table14[[#This Row],[Age]]<18,"Children",Table14[[#This Row],[Age]]<50,"Adult",Table14[[#This Row],[Age]]>=50,"Elderly")} -> Elderly | J77: Male | K77: 67730 | L77: {=_xlfn.IFS(Table14[[#This Row],[Treatment Cost]]<50000,"Low Billing",Table14[[#This Row],[Treatment Cost]]<200000,"Moderate Billing",Table14[[#This Row],[Treatment Cost]]>=200000,"High Billing")} -> Moderate Billing | M77: Follow-up | N77: =IF(AND(Table14[[#This Row],[Outcome]]="Follow-up",Table14[[#This Row],[Admission Status]]="Patient Discharged"),"High Risk Patient","Low Risk Patient") -> High Risk Patient | O77: =IFERROR(VLOOKUP(Table14[[#This Row],[Department]],Doctor_Info!A:D,2,FALSE), "") -> Dr. Ada | P77: =IF(COUNTIF(A:A,Table14[[#This Row],[Patient ID]]>1),"Returning Patient","New Patient") -> New Patient | Q77: =_xlfn.XLOOKUP(Table14[[#This Row],[Department]], Doctor_Info!A:A, Doctor_Info!C:C, "")&"" -> 301 | R77: =TEXT(Table14[[#This Row],[Admission Date]],"ddd") -> Sun | S77: =TEXT(Table14[[#This Row],[Admission Date]],"mmm") -> Jan | T77: =TEXT(Table14[[#This Row],[Admission Date]],"yyyy") -> 2024 | U77: =TEXT(Table14[[#This Row],[Admission Date]],"mmm-yyyy") -> Jan-2024 | V77: =MEDIAN($D$2:$D$484) -> 8
A78: HOSP-177 | B78: 45323 | C78: 45324 | D78: =IF(ISBLANK(Table14[[#This Row],[Discharge Date]]),TODAY()-Table14[[#This Row],[Admission Date]], Table14[[#This Row],[Discharge Date]]-Table14[[#This Row],[Admission Date]]) -> 1 | E78: =IF(Table14[[#This Row],[Discharge Date]]="","Still Admitted","Patient Discharged") -> Patient Discharged | F78: =IF(WEEKDAY(Table14[[#This Row],[Admission Date]],2)>5,"Weekend","Weekday") -> Weekday | G78: Emergency Ward | H78: 82 | I78: {=_xlfn.IFS(Table14[[#This Row],[Age]]<18,"Children",Table14[[#This Row],[Age]]<50,"Adult",Table14[[#This Row],[Age]]>=50,"Elderly")} -> Elderly | J78: Female | K78: 68700 | L78: {=_xlfn.IFS(Table14[[#This Row],[Treatment Cost]]<50000,"Low Billing",Table14[[#This Row],[Treatment Cost]]<200000,"Moderate Billing",Table14[[#This Row],[Treatment Cost]]>=200000,"High Billing")} -> Moderate Billing | M78: Recovered | N78: =IF(AND(Table14[[#This Row],[Outcome]]="Follow-up",Table14[[#This Row],[Admission Status]]="Patient Discharged"),"High Risk Patient","Low Risk Patient") -> Low Risk Patient | O78: =IFERROR(VLOOKUP(Table14[[#This Row],[Department]],Doctor_Info!A:D,2,FALSE), "") -> Dr. Kofi | P78: =IF(COUNTIF(A:A,Table14[[#This Row],[Patient ID]]>1),"Returning Patient","New Patient") -> New Patient | Q78: =_xlfn.XLOOKUP(Table14[[#This Row],[Department]], Doctor_Info!A:A, Doctor_Info!C:C, "")&"" -> 102 | R78: =TEXT(Table14[[#This Row],[Admission Date]],"ddd") -> Thu | S78: =TEXT(Table14[[#This Row],[Admission Date]],"mmm") -> Feb | T78: =TEXT(Table14[[#This Row],[Admission Date]],"yyyy") -> 2024 | U78: =TEXT(Table14[[#This Row],[Admission Date]],"mmm-yyyy") -> Feb-2024 | V78: =MEDIAN($D$2:$D$484) -> 8
A79: HOSP-178 | B79: 45325 | C79: 45337 | D79: =IF(ISBLANK(Table14[[#This Row],[Discharge Date]]),TODAY()-Table14[[#This Row],[Admission Date]], Table14[[#This Row],[Discharge Date]]-Table14[[#This Row],[Admission Date]]) -> 12 | E79: =IF(Table14[[#This Row],[Discharge Date]]="","Still Admitted","Patient Discharged") -> Patient Discharged | F79: =IF(WEEKDAY(Table14[[#This Row],[Admission Date]],2)>5,"Weekend","Weekday") -> Weekend | G79: Neurology | H79: 84 | I79: {=_xlfn.IFS(Table14[[#This Row],[Age]]<18,"Children",Table14[[#This Row],[Age]]<50,"Adult",Table14[[#This Row],[Age]]>=50,"Elderly")} -> Elderly | J79: Male | K79: 69670 | L79: {=_xlfn.IFS(Table14[[#This Row],[Treatment Cost]]<50000,"Low Billing",Table14[[#This Row],[Treatment Cost]]<200000,"Moderate Billing",Table14[[#This Row],[Treatment Cost]]>=200000,"High Billing")} -> Moderate Billing | M79: Follow-up | N79: =IF(AND(Table14[[#This Row],[Outcome]]="Follow-up",Table14[[#This Row],[Admission Status]]="Patient Discharged"),"High Risk Patient","Low Risk Patient") -> High Risk Patient | O79: =IFERROR(VLOOKUP(Table14[[#This Row],[Department]],Doctor_Info!A:D,2,FALSE), "") -> Dr. Temi | P79: =IF(COUNTIF(A:A,Table14[[#This Row],[Patient ID]]>1),"Returning Patient","New Patient") -> New Patient | Q79: =_xlfn.XLOOKUP(Table14[[#This Row],[Department]], Doctor_Info!A:A, Doctor_Info!C:C, "")&"" -> 502 | R79: =TEXT(Table14[[#This Row],[Admission Date]],"ddd") -> Sat | S79: =TEXT(Table14[[#This Row],[Admission Date]],"mmm") -> Feb | T79: =TEXT(Table14[[#This Row],[Admission Date]],"yyyy") -> 2024 | U79: =TEXT(Table14[[#This Row],[Admission Date]],"mmm-yyyy") -> Feb-2024 | V79: =MEDIAN($D$2:$D$484) -> 8
A80: HOSP-179 | B80: 45327 | C80: 45328 | D80: =IF(ISBLANK(Table14[[#This Row],[Discharge Date]]),TODAY()-Table14[[#This Row],[Admission Date]], Table14[[#This Row],[Discharge Date]]-Table14[[#This Row],[Admission Date]]) -> 1 | E80: =IF(Table14[[#This Row],[Discharge Date]]="","Still Admitted","Patient Discharged") -> Patient Discharged | F80: =IF(WEEKDAY(Table14[[#This Row],[Admission Date]],2)>5,"Weekend","Weekday") -> Weekday | G80: Emergency Ward | H80: 86 | I80: {=_xlfn.IFS(Table14[[#This Row],[Age]]<18,"Children",Table14[[#This Row],[Age]]<50,"Adult",Table14[[#This Row],[Age]]>=50,"Elderly")} -> Elderly | J80: Female | K80: 70640 | L80: {=_xlfn.IFS(Table14[[#This Row],[Treatment Cost]]<50000,"Low Billing",Table14[[#This Row],[Treatment Cost]]<200000,"Moderate Billing",Table14[[#This Row],[Treatment Cost]]>=200000,"High Billing")} -> Moderate Billing | M80: Recovered | N80: =IF(AND(Table14[[#This Row],[Outcome]]="Follow-up",Table14[[#This Row],[Admission Status]]="Patient Discharged"),"High Risk Patient","Low Risk Patient") -> Low Risk Patient | O80: =IFERROR(VLOOKUP(Table14[[#This Row],[Department]],Doctor_Info!A:D,2,FALSE), "") -> Dr. Kofi | P80: =IF(COUNTIF(A:A,Table14[[#This Row],[Patient ID]]>1),"Returning Patient","New Patient") -> New Patient | Q80: =_xlfn.XLOOKUP(Table14[[#This Row],[Department]], Doctor_Info!A:A, Doctor_Info!C:C, "")&"" -> 102 | R80: =TEXT(Table14[[#This Row],[Admission Date]],"ddd") -> Mon | S80: =TEXT(Table14[[#This Row],[Admission Date]],"mmm") -> Feb | T80: =TEXT(Table14[[#This Row],[Admission Date]],"yyyy") -> 2024 | U80: =TEXT(Table14[[#This Row],[Admission Date]],"mmm-yyyy") -> Feb-2024 | V80: =MEDIAN($D$2:$D$484) -> 8
A81: HOSP-180 | B81: 45332 | D81: =IF(ISBLANK(Table14[[#This Row],[Discharge Date]]),TODAY()-Table14[[#This Row],[Admission Date]], Table14[[#This Row],[Discharge Date]]-Table14[[#This Row],[Admission Date]]) -> 806 | E81: =IF(Table14[[#This Row],[Discharge Date]]="","Still Admitted","Patient Discharged") -> Still Admitted | F81: =IF(WEEKDAY(Table14[[#This Row],[Admission Date]],2)>5,"Weekend","Weekday") -> Weekend | G81: Oncology | H81: 88 | I81: {=_xlfn.IFS(Table14[[#This Row],[Age]]<18,"Children",Table14[[#This Row],[Age]]<50,"Adult",Table14[[#This Row],[Age]]>=50,"Elderly")} -> Elderly | J81: Female | K81: 71610 | L81: {=_xlfn.IFS(Table14[[#This Row],[Treatment Cost]]<50000,"Low Billing",Table14[[#This Row],[Treatment Cost]]<200000,"Moderate Billing",Table14[[#This Row],[Treatment Cost]]>=200000,"High Billing")} -> Moderate Billing | M81: Pending | N81: =IF(AND(Table14[[#This Row],[Outcome]]="Follow-up",Table14[[#This Row],[Admission Status]]="Patient Discharged"),"High Risk Patient","Low Risk Patient") -> Low Risk Patient | O81: =IFERROR(VLOOKUP(Table14[[#This Row],[Department]],Doctor_Info!A:D,2,FALSE), "") -> Dr. George | P81: =IF(COUNTIF(A:A,Table14[[#This Row],[Patient ID]]>1),"Returning Patient","New Patient") -> New Patient | Q81: =_xlfn.XLOOKUP(Table14[[#This Row],[Department]], Doctor_Info!A:A, Doctor_Info!C:C, "")&"" -> 405 | R81: =TEXT(Table14[[#This Row],[Admission Date]],"ddd") -> Sat | S81: =TEXT(Table14[[#This Row],[Admission Date]],"mmm") -> Feb | T81: =TEXT(Table14[[#This Row],[Admission Date]],"yyyy") -> 2024 | U81: =TEXT(Table14[[#This Row],[Admission Date]],"mmm-yyyy") -> Feb-2024 | V81: =MEDIAN($D$2:$D$484) -> 8
A82: HOSP-181 | B82: 45319 | C82: 45327 | D82: =IF(ISBLANK(Table14[[#This Row],[Discharge Date]]),TODAY()-Table14[[#This Row],[Admission Date]], Table14[[#This Row],[Discharge Date]]-Table14[[#This Row],[Admission Date]]) -> 8 | E82: =IF(Table14[[#This Row],[Discharge Date]]="","Still Admitted","Patient Discharged") -> Patient Discharged | F82: =IF(WEEKDAY(Table14[[#This Row],[Admission Date]],2)>5,"Weekend","Weekday") -> Weekend | G82: Cardiology | H82: 90 | I82: {=_xlfn.IFS(Table14[[#This Row],[Age]]<18,"Children",Table14[[#This Row],[Age]]<50,"Adult",Table14[[#This Row],[Age]]>=50,"Elderly")} -> Elderly | J82: Male | K82: 72580 | L82: {=_xlfn.IFS(Table14[[#This Row],[Treatment Cost]]<50000,"Low Billing",Table14[[#This Row],[Treatment Cost]]<200000,"Moderate Billing",Table14[[#This Row],[Treatment Cost]]>=200000,"High Billing")} -> Moderate Billing | M82: Follow-up | N82: =IF(AND(Table14[[#This Row],[Outcome]]="Follow-up",Table14[[#This Row],[Admission Status]]="Patient Discharged"),"High Risk Patient","Low Risk Patient") -> High Risk Patient | O82: =IFERROR(VLOOKUP(Table14[[#This Row],[Department]],Doctor_Info!A:D,2,FALSE), "") -> Dr. Ada | P82: =IF(COUNTIF(A:A,Table14[[#This Row],[Patient ID]]>1),"Returning Patient","New Patient") -> New Patient | Q82: =_xlfn.XLOOKUP(Table14[[#This Row],[Department]], Doctor_Info!A:A, Doctor_Info!C:C, "")&"" -> 301 | R82: =TEXT(Table14[[#This Row],[Admission Date]],"ddd") -> Sun | S82: =TEXT(Table14[[#This Row],[Admission Date]],"mmm") -> Jan | T82: =TEXT(Table14[[#This Row],[Admission Date]],"yyyy") -> 2024 | U82: =TEXT(Table14[[#This Row],[Admission Date]],"mmm-yyyy") -> Jan-2024 | V82: =MEDIAN($D$2:$D$484) -> 8
A83: HOSP-182 | B83: 45323 | C83: 45324 | D83: =IF(ISBLANK(Table14[[#This Row],[Discharge Date]]),TODAY()-Table14[[#This Row],[Admission Date]], Table14[[#This Row],[Discharge Date]]-Table14[[#This Row],[Admission Date]]) -> 1 | E83: =IF(Table14[[#This Row],[Discharge Date]]="","Still Admitted","Patient Discharged") -> Patient Discharged | F83: =IF(WEEKDAY(Table14[[#This Row],[Admission Date]],2)>5,"Weekend","Weekday") -> Weekday | G83: Emergency Ward | H83: 92 | I83: {=_xlfn.IFS(Table14[[#This Row],[Age]]<18,"Children",Table14[[#This Row],[Age]]<50,"Adult",Table14[[#This Row],[Age]]>=50,"Elderly")} -> Elderly | J83: Female | K83: 73550 | L83: {=_xlfn.IFS(Table14[[#This Row],[Treatment Cost]]<50000,"Low Billing",Table14[[#This Row],[Treatment Cost]]<200000,"Moderate Billing",Table14[[#This Row],[Treatment Cost]]>=200000,"High Billing")} -> Moderate Billing | M83: Recovered | N83: =IF(AND(Table14[[#This Row],[Outcome]]="Follow-up",Table14[[#This Row],[Admission Status]]="Patient Discharged"),"High Risk Patient","Low Risk Patient") -> Low Risk Patient | O83: =IFERROR(VLOOKUP(Table14[[#This Row],[Department]],Doctor_Info!A:D,2,FALSE), "") -> Dr. Kofi | P83: =IF(COUNTIF(A:A,Table14[[#This Row],[Patient ID]]>1),"Returning Patient","New Patient") -> New Patient | Q83: =_xlfn.XLOOKUP(Table14[[#This Row],[Department]], Doctor_Info!A:A, Doctor_Info!C:C, "")&"" -> 102 | R83: =TEXT(Table14[[#This Row],[Admission Date]],"ddd") -> Thu | S83: =TEXT(Table14[[#This Row],[Admission Date]],"mmm") -> Feb | T83: =TEXT(Table14[[#This Row],[Admission Date]],"yyyy") -> 2024 | U83: =TEXT(Table14[[#This Row],[Admission Date]],"mmm-yyyy") -> Feb-2024 | V83: =MEDIAN($D$2:$D$484) -> 8
A84: HOSP-183 | B84: 45325 | C84: 45337 | D84: =IF(ISBLANK(Table14[[#This Row],[Discharge Date]]),TODAY()-Table14[[#This Row],[Admission Date]], Table14[[#This Row],[Discharge Date]]-Table14[[#This Row],[Admission Date]]) -> 12 | E84: =IF(Table14[[#This Row],[Discharge Date]]="","Still Admitted","Patient Discharged") -> Patient Discharged | F84: =IF(WEEKDAY(Table14[[#This Row],[Admission Date]],2)>5,"Weekend","Weekday") -> Weekend | G84: Neurology | H84: 94 | I84: {=_xlfn.IFS(Table14[[#This Row],[Age]]<18,"Children",Table14[[#This Row],[Age]]<50,"Adult",Table14[[#This Row],[Age]]>=50,"Elderly")} -> Elderly | J84: Male | K84: 74520 | L84: {=_xlfn.IFS(Table14[[#This Row],[Treatment Cost]]<50000,"Low Billing",Table14[[#This Row],[Treatment Cost]]<200000,"Moderate Billing",Table14[[#This Row],[Treatment Cost]]>=200000,"High Billing")} -> Moderate Billing | M84: Follow-up | N84: =IF(AND(Table14[[#This Row],[Outcome]]="Follow-up",Table14[[#This Row],[Admission Status]]="Patient Discharged"),"High Risk Patient","Low Risk Patient") -> High Risk Patient | O84: =IFERROR(VLOOKUP(Table14[[#This Row],[Department]],Doctor_Info!A:D,2,FALSE), "") -> Dr. Temi | P84: =IF(COUNTIF(A:A,Table14[[#This Row],[Patient ID]]>1),"Returning Patient","New Patient") -> New Patient | Q84: =_xlfn.XLOOKUP(Table14[[#This Row],[Department]], Doctor_Info!A:A, Doctor_Info!C:C, "")&"" -> 502 | R84: =TEXT(Table14[[#This Row],[Admission Date]],"ddd") -> Sat | S84: =TEXT(Table14[[#This Row],[Admission Date]],"mmm") -> Feb | T84: =TEXT(Table14[[#This Row],[Admission Date]],"yyyy") -> 2024 | U84: =TEXT(Table14[[#This Row],[Admission Date]],"mmm-yyyy") -> Feb-2024 | V84: =MEDIAN($D$2:$D$484) -> 8
A85: HOSP-184 | B85: 45327 | C85: 45328 | D85: =IF(ISBLANK(Table14[[#This Row],[Discharge Date]]),TODAY()-Table14[[#This Row],[Admission Date]], Table14[[#This Row],[Discharge Date]]-Table14[[#This Row],[Admission Date]]) -> 1 | E85: =IF(Table14[[#This Row],[Discharge Date]]="","Still Admitted","Patient Discharged") -> Patient Discharged | F85: =IF(WEEKDAY(Table14[[#This Row],[Admission Date]],2)>5,"Weekend","Weekday") -> Weekday | G85: Emergency Ward | H85: 96 | I85: {=_xlfn.IFS(Table14[[#This Row],[Age]]<18,"Children",Table14[[#This Row],[Age]]<50,"Adult",Table14[[#This Row],[Age]]>=50,"Elderly")} -> Elderly | J85: Female | K85: 75490 | L85: {=_xlfn.IFS(Table14[[#This Row],[Treatment Cost]]<50000,"Low Billing",Table14[[#This Row],[Treatment Cost]]<200000,"Moderate Billing",Table14[[#This Row],[Treatment Cost]]>=200000,"High Billing")} -> Moderate Billing | M85: Recovered | N85: =IF(AND(Table14[[#This Row],[Outcome]]="Follow-up",Table14[[#This Row],[Admission Status]]="Patient Discharged"),"High Risk Patient","Low Risk Patient") -> Low Risk Patient | O85: =IFERROR(VLOOKUP(Table14[[#This Row],[Department]],Doctor_Info!A:D,2,FALSE), "") -> Dr. Kofi | P85: =IF(COUNTIF(A:A,Table14[[#This Row],[Patient ID]]>1),"Returning Patient","New Patient") -> New Patient | Q85: =_xlfn.XLOOKUP(Table14[[#This Row],[Department]], Doctor_Info!A:A, Doctor_Info!C:C, "")&"" -> 102 | R85: =TEXT(Table14[[#This Row],[Admission Date]],"ddd") -> Mon | S85: =TEXT(Table14[[#This Row],[Admission Date]],"mmm") -> Feb | T85: =TEXT(Table14[[#This Row],[Admission Date]],"yyyy") -> 2024 | U85: =TEXT(Table14[[#This Row],[Admission Date]],"mmm-yyyy") -> Feb-2024 | V85: =MEDIAN($D$2:$D$484) -> 8
A86: HOSP-185 | B86: 45332 | D86: =IF(ISBLANK(Table14[[#This Row],[Discharge Date]]),TODAY()-Table14[[#This Row],[Admission Date]], Table14[[#This Row],[Discharge Date]]-Table14[[#This Row],[Admission Date]]) -> 806 | E86: =IF(Table14[[#This Row],[Discharge Date]]="","Still Admitted","Patient Discharged") -> Still Admitted | F86: =IF(WEEKDAY(Table14[[#This Row],[Admission Date]],2)>5,"Weekend","Weekday") -> Weekend | G86: Oncology | H86: 98 | I86: {=_xlfn.IFS(Table14[[#This Row],[Age]]<18,"Children",Table14[[#This Row],[Age]]<50,"Adult",Table14[[#This Row],[Age]]>=50,"Elderly")} -> Elderly | J86: Female | K86: 76460 | L86: {=_xlfn.IFS(Table14[[#This Row],[Treatment Cost]]<50000,"Low Billing",Table14[[#This Row],[Treatment Cost]]<200000,"Moderate Billing",Table14[[#This Row],[Treatment Cost]]>=200000,"High Billing")} -> Moderate Billing | M86: Pending | N86: =IF(AND(Table14[[#This Row],[Outcome]]="Follow-up",Table14[[#This Row],[Admission Status]]="Patient Discharged"),"High Risk Patient","Low Risk Patient") -> Low Risk Patient | O86: =IFERROR(VLOOKUP(Table14[[#This Row],[Department]],Doctor_Info!A:D,2,FALSE), "") -> Dr. George | P86: =IF(COUNTIF(A:A,Table14[[#This Row],[Patient ID]]>1),"Returning Patient","New Patient") -> New Patient | Q86: =_xlfn.XLOOKUP(Table14[[#This Row],[Department]], Doctor_Info!A:A, Doctor_Info!C:C, "")&"" -> 405 | R86: =TEXT(Table14[[#This Row],[Admission Date]],"ddd") -> Sat | S86: =TEXT(Table14[[#This Row],[Admission Date]],"mmm") -> Feb | T86: =TEXT(Table14[[#This Row],[Admission Date]],"yyyy") -> 2024 | U86: =TEXT(Table14[[#This Row],[Admission Date]],"mmm-yyyy") -> Feb-2024 | V86: =MEDIAN($D$2:$D$484) -> 8
A87: HOSP-186 | B87: 45319 | C87: 45327 | D87: =IF(ISBLANK(Table14[[#This Row],[Discharge Date]]),TODAY()-Table14[[#This Row],[Admission Date]], Table14[[#This Row],[Discharge Date]]-Table14[[#This Row],[Admission Date]]) -> 8 | E87: =IF(Table14[[#This Row],[Discharge Date]]="","Still Admitted","Patient Discharged") -> Patient Discharged | F87: =IF(WEEKDAY(Table14[[#This Row],[Admission Date]],2)>5,"Weekend","Weekday") -> Weekend | G87: Cardiology | H87: 100 | I87: {=_xlfn.IFS(Table14[[#This Row],[Age]]<18,"Children",Table14[[#This Row],[Age]]<50,"Adult",Table14[[#This Row],[Age]]>=50,"Elderly")} -> Elderly | J87: Male | K87: 77430 | L87: {=_xlfn.IFS(Table14[[#This Row],[Treatment Cost]]<50000,"Low Billing",Table14[[#This Row],[Treatment Cost]]<200000,"Moderate Billing",Table14[[#This Row],[Treatment Cost]]>=200000,"High Billing")} -> Moderate Billing | M87: Follow-up | N87: =IF(AND(Table14[[#This Row],[Outcome]]="Follow-up",Table14[[#This Row],[Admission Status]]="Patient Discharged"),"High Risk Patient","Low Risk Patient") -> High Risk Patient | O87: =IFERROR(VLOOKUP(Table14[[#This Row],[Department]],Doctor_Info!A:D,2,FALSE), "") -> Dr. Ada | P87: =IF(COUNTIF(A:A,Table14[[#This Row],[Patient ID]]>1),"Returning Patient","New Patient") -> New Patient | Q87: =_xlfn.XLOOKUP(Table14[[#This Row],[Department]], Doctor_Info!A:A, Doctor_Info!C:C, "")&"" -> 301 | R87: =TEXT(Table14[[#This Row],[Admission Date]],"ddd") -> Sun | S87: =TEXT(Table14[[#This Row],[Admission Date]],"mmm") -> Jan | T87: =TEXT(Table14[[#This Row],[Admission Date]],"yyyy") -> 2024 | U87: =TEXT(Table14[[#This Row],[Admission Date]],"mmm-yyyy") -> Jan-2024 | V87: =MEDIAN($D$2:$D$484) -> 8
A88: HOSP-187 | B88: 45323 | C88: 45324 | D88: =IF(ISBLANK(Table14[[#This Row],[Discharge Date]]),TODAY()-Table14[[#This Row],[Admission Date]], Table14[[#This Row],[Discharge Date]]-Table14[[#This Row],[Admission Date]]) -> 1 | E88: =IF(Table14[[#This Row],[Discharge Date]]="","Still Admitted","Patient Discharged") -> Patient Discharged | F88: =IF(WEEKDAY(Table14[[#This Row],[Admission Date]],2)>5,"Weekend","Weekday") -> Weekday | G88: Emergency Ward | H88: 2 | I88: {=_xlfn.IFS(Table14[[#This Row],[Age]]<18,"Children",Table14[[#This Row],[Age]]<50,"Adult",Table14[[#This Row],[Age]]>=50,"Elderly")} -> Children | J88: Female | K88: 78400 | L88: {=_xlfn.IFS(Table14[[#This Row],[Treatment Cost]]<50000,"Low Billing",Table14[[#This Row],[Treatment Cost]]<200000,"Moderate Billing",Table14[[#This Row],[Treatment Cost]]>=200000,"High Billing")} -> Moderate Billing | M88: Recovered | N88: =IF(AND(Table14[[#This Row],[Outcome]]="Follow-up",Table14[[#This Row],[Admission Status]]="Patient Discharged"),"High Risk Patient","Low Risk Patient") -> Low Risk Patient | O88: =IFERROR(VLOOKUP(Table14[[#This Row],[Department]],Doctor_Info!A:D,2,FALSE), "") -> Dr. Kofi | P88: =IF(COUNTIF(A:A,Table14[[#This Row],[Patient ID]]>1),"Returning Patient","New Patient") -> New Patient | Q88: =_xlfn.XLOOKUP(Table14[[#This Row],[Department]], Doctor_Info!A:A, Doctor_Info!C:C, "")&"" -> 102 | R88: =TEXT(Table14[[#This Row],[Admission Date]],"ddd") -> Thu | S88: =TEXT(Table14[[#This Row],[Admission Date]],"mmm") -> Feb | T88: =TEXT(Table14[[#This Row],[Admission Date]],"yyyy") -> 2024 | U88: =TEXT(Table14[[#This Row],[Admission Date]],"mmm-yyyy") -> Feb-2024 | V88: =MEDIAN($D$2:$D$484) -> 8
A89: HOSP-188 | B89: 45325 | C89: 45337 | D89: =IF(ISBLANK(Table14[[#This Row],[Discharge Date]]),TODAY()-Table14[[#This Row],[Admission Date]], Table14[[#This Row],[Discharge Date]]-Table14[[#This Row],[Admission Date]]) -> 12 | E89: =IF(Table14[[#This Row],[Discharge Date]]="","Still Admitted","Patient Discharged") -> Patient Discharged | F89: =IF(WEEKDAY(Table14[[#This Row],[Admission Date]],2)>5,"Weekend","Weekday") -> Weekend | G89: Neurology | H89: 4 | I89: {=_xlfn.IFS(Table14[[#This Row],[Age]]<18,"Children",Table14[[#This Row],[Age]]<50,"Adult",Table14[[#This Row],[Age]]>=50,"Elderly")} -> Children | J89: Male | K89: 79370 | L89: {=_xlfn.IFS(Table14[[#This Row],[Treatment Cost]]<50000,"Low Billing",Table14[[#This Row],[Treatment Cost]]<200000,"Moderate Billing",Table14[[#This Row],[Treatment Cost]]>=200000,"High Billing")} -> Moderate Billing | M89: Follow-up | N89: =IF(AND(Table14[[#This Row],[Outcome]]="Follow-up",Table14[[#This Row],[Admission Status]]="Patient Discharged"),"High Risk Patient","Low Risk Patient") -> High Risk Patient | O89: =IFERROR(VLOOKUP(Table14[[#This Row],[Department]],Doctor_Info!A:D,2,FALSE), "") -> Dr. Temi | P89: =IF(COUNTIF(A:A,Table14[[#This Row],[Patient ID]]>1),"Returning Patient","New Patient") -> New Patient | Q89: =_xlfn.XLOOKUP(Table14[[#This Row],[Department]], Doctor_Info!A:A, Doctor_Info!C:C, "")&"" -> 502 | R89: =TEXT(Table14[[#This Row],[Admission Date]],"ddd") -> Sat | S89: =TEXT(Table14[[#This Row],[Admission Date]],"mmm") -> Feb | T89: =TEXT(Table14[[#This Row],[Admission Date]],"yyyy") -> 2024 | U89: =TEXT(Table14[[#This Row],[Admission Date]],"mmm-yyyy") -> Feb-2024 | V89: =MEDIAN($D$2:$D$484) -> 8
A90: HOSP-189 | B90: 45327 | C90: 45328 | D90: =IF(ISBLANK(Table14[[#This Row],[Discharge Date]]),TODAY()-Table14[[#This Row],[Admission Date]], Table14[[#This Row],[Discharge Date]]-Table14[[#This Row],[Admission Date]]) -> 1 | E90: =IF(Table14[[#This Row],[Discharge Date]]="","Still Admitted","Patient Discharged") -> Patient Discharged | F90: =IF(WEEKDAY(Table14[[#This Row],[Admission Date]],2)>5,"Weekend","Weekday") -> Weekday | G90: Emergency Ward | H90: 6 | I90: {=_xlfn.IFS(Table14[[#This Row],[Age]]<18,"Children",Table14[[#This Row],[Age]]<50,"Adult",Table14[[#This Row],[Age]]>=50,"Elderly")} -> Children | J90: Female | K90: 80340 | L90: {=_xlfn.IFS(Table14[[#This Row],[Treatment Cost]]<50000,"Low Billing",Table14[[#This Row],[Treatment Cost]]<200000,"Moderate Billing",Table14[[#This Row],[Treatment Cost]]>=200000,"High Billing")} -> Moderate Billing | M90: Recovered | N90: =IF(AND(Table14[[#This Row],[Outcome]]="Follow-up",Table14[[#This Row],[Admission Status]]="Patient Discharged"),"High Risk Patient","Low Risk Patient") -> Low Risk Patient | O90: =IFERROR(VLOOKUP(Table14[[#This Row],[Department]],Doctor_Info!A:D,2,FALSE), "") -> Dr. Kofi | P90: =IF(COUNTIF(A:A,Table14[[#This Row],[Patient ID]]>1),"Returning Patient","New Patient") -> New Patient | Q90: =_xlfn.XLOOKUP(Table14[[#This Row],[Department]], Doctor_Info!A:A, Doctor_Info!C:C, "")&"" -> 102 | R90: =TEXT(Table14[[#This Row],[Admission Date]],"ddd") -> Mon | S90: =TEXT(Table14[[#This Row],[Admission Date]],"mmm") -> Feb | T90: =TEXT(Table14[[#This Row],[Admission Date]],"yyyy") -> 2024 | U90: =TEXT(Table14[[#This Row],[Admission Date]],"mmm-yyyy") -> Feb-2024 | V90: =MEDIAN($D$2:$D$484) -> 8
A91: HOSP-190 | B91: 45332 | D91: =IF(ISBLANK(Table14[[#This Row],[Discharge Date]]),TODAY()-Table14[[#This Row],[Admission Date]], Table14[[#This Row],[Discharge Date]]-Table14[[#This Row],[Admission Date]]) -> 806 | E91: =IF(Table14[[#This Row],[Discharge Date]]="","Still Admitted","Patient Discharged") -> Still Admitted | F91: =IF(WEEKDAY(Table14[[#This Row],[Admission Date]],2)>5,"Weekend","Weekday") -> Weekend | G91: Oncology | H91: 8 | I91: {=_xlfn.IFS(Table14[[#This Row],[Age]]<18,"Children",Table14[[#This Row],[Age]]<50,"Adult",Table14[[#This Row],[Age]]>=50,"Elderly")} -> Children | J91: Female | K91: 81310 | L91: {=_xlfn.IFS(Table14[[#This Row],[Treatment Cost]]<50000,"Low Billing",Table14[[#This Row],[Treatment Cost]]<200000,"Moderate Billing",Table14[[#This Row],[Treatment Cost]]>=200000,"High Billing")} -> Moderate Billing | M91: Pending | N91: =IF(AND(Table14[[#This Row],[Outcome]]="Follow-up",Table14[[#This Row],[Admission Status]]="Patient Discharged"),"High Risk Patient","Low Risk Patient") -> Low Risk Patient | O91: =IFERROR(VLOOKUP(Table14[[#This Row],[Department]],Doctor_Info!A:D,2,FALSE), "") -> Dr. George | P91: =IF(COUNTIF(A:A,Table14[[#This Row],[Patient ID]]>1),"Returning Patient","New Patient") -> New Patient | Q91: =_xlfn.XLOOKUP(Table14[[#This Row],[Department]], Doctor_Info!A:A, Doctor_Info!C:C, "")&"" -> 405 | R91: =TEXT(Table14[[#This Row],[Admission Date]],"ddd") -> Sat | S91: =TEXT(Table14[[#This Row],[Admission Date]],"mmm") -> Feb | T91: =TEXT(Table14[[#This Row],[Admission Date]],"yyyy") -> 2024 | U91: =TEXT(Table14[[#This Row],[Admission Date]],"mmm-yyyy") -> Feb-2024 | V91: =MEDIAN($D$2:$D$484) -> 8
A92: HOSP-191 | B92: 45319 | C92: 45327 | D92: =IF(ISBLANK(Table14[[#This Row],[Discharge Date]]),TODAY()-Table14[[#This Row],[Admission Date]], Table14[[#This Row],[Discharge Date]]-Table14[[#This Row],[Admission Date]]) -> 8 | E92: =IF(Table14[[#This Row],[Discharge Date]]="","Still Admitted","Patient Discharged") -> Patient Discharged | F92: =IF(WEEKDAY(Table14[[#This Row],[Admission Date]],2)>5,"Weekend","Weekday") -> Weekend | G92: Cardiology | H92: 10 | I92: {=_xlfn.IFS(Table14[[#This Row],[Age]]<18,"Children",Table14[[#This Row],[Age]]<50,"Adult",Table14[[#This Row],[Age]]>=50,"Elderly")} -> Children | J92: Male | K92: 82280 | L92: {=_xlfn.IFS(Table14[[#This Row],[Treatment Cost]]<50000,"Low Billing",Table14[[#This Row],[Treatment Cost]]<200000,"Moderate Billing",Table14[[#This Row],[Treatment Cost]]>=200000,"High Billing")} -> Moderate Billing | M92: Follow-up | N92: =IF(AND(Table14[[#This Row],[Outcome]]="Follow-up",Table14[[#This Row],[Admission Status]]="Patient Discharged"),"High Risk Patient","Low Risk Patient") -> High Risk Patient | O92: =IFERROR(VLOOKUP(Table14[[#This Row],[Department]],Doctor_Info!A:D,2,FALSE), "") -> Dr. Ada | P92: =IF(COUNTIF(A:A,Table14[[#This Row],[Patient ID]]>1),"Returning Patient","New Patient") -> New Patient | Q92: =_xlfn.XLOOKUP(Table14[[#This Row],[Department]], Doctor_Info!A:A, Doctor_Info!C:C, "")&"" -> 301 | R92: =TEXT(Table14[[#This Row],[Admission Date]],"ddd") -> Sun | S92: =TEXT(Table14[[#This Row],[Admission Date]],"mmm") -> Jan | T92: =TEXT(Table14[[#This Row],[Admission Date]],"yyyy") -> 2024 | U92: =TEXT(Table14[[#This Row],[Admission Date]],"mmm-yyyy") -> Jan-2024 | V92: =MEDIAN($D$2:$D$484) -> 8
A93: HOSP-192 | B93: 45323 | C93: 45324 | D93: =IF(ISBLANK(Table14[[#This Row],[Discharge Date]]),TODAY()-Table14[[#This Row],[Admission Date]], Table14[[#This Row],[Discharge Date]]-Table14[[#This Row],[Admission Date]]) -> 1 | E93: =IF(Table14[[#This Row],[Discharge Date]]="","Still Admitted","Patient Discharged") -> Patient Discharged | F93: =IF(WEEKDAY(Table14[[#This Row],[Admission Date]],2)>5,"Weekend","Weekday") -> Weekday | G93: Emergency Ward | H93: 12 | I93: {=_xlfn.IFS(Table14[[#This Row],[Age]]<18,"Children",Table14[[#This Row],[Age]]<50,"Adult",Table14[[#This Row],[Age]]>=50,"Elderly")} -> Children | J93: Female | K93: 83250 | L93: {=_xlfn.IFS(Table14[[#This Row],[Treatment Cost]]<50000,"Low Billing",Table14[[#This Row],[Treatment Cost]]<200000,"Moderate Billing",Table14[[#This Row],[Treatment Cost]]>=200000,"High Billing")} -> Moderate Billing | M93: Recovered | N93: =IF(AND(Table14[[#This Row],[Outcome]]="Follow-up",Table14[[#This Row],[Admission Status]]="Patient Discharged"),"High Risk Patient","Low Risk Patient") -> Low Risk Patient | O93: =IFERROR(VLOOKUP(Table14[[#This Row],[Department]],Doctor_Info!A:D,2,FALSE), "") -> Dr. Kofi | P93: =IF(COUNTIF(A:A,Table14[[#This Row],[Patient ID]]>1),"Returning Patient","New Patient") -> New Patient | Q93: =_xlfn.XLOOKUP(Table14[[#This Row],[Department]], Doctor_Info!A:A, Doctor_Info!C:C, "")&"" -> 102 | R93: =TEXT(Table14[[#This Row],[Admission Date]],"ddd") -> Thu | S93: =TEXT(Table14[[#This Row],[Admission Date]],"mmm") -> Feb | T93: =TEXT(Table14[[#This Row],[Admission Date]],"yyyy") -> 2024 | U93: =TEXT(Table14[[#This Row],[Admission Date]],"mmm-yyyy") -> Feb-2024 | V93: =MEDIAN($D$2:$D$484) -> 8
A94: HOSP-193 | B94: 45325 | C94: 45337 | D94: =IF(ISBLANK(Table14[[#This Row],[Discharge Date]]),TODAY()-Table14[[#This Row],[Admission Date]], Table14[[#This Row],[Discharge Date]]-Table14[[#This Row],[Admission Date]]) -> 12 | E94: =IF(Table14[[#This Row],[Discharge Date]]="","Still Admitted","Patient Discharged") -> Patient Discharged | F94: =IF(WEEKDAY(Table14[[#This Row],[Admission Date]],2)>5,"Weekend","Weekday") -> Weekend | G94: Neurology | H94: 14 | I94: {=_xlfn.IFS(Table14[[#This Row],[Age]]<18,"Children",Table14[[#This Row],[Age]]<50,"Adult",Table14[[#This Row],[Age]]>=50,"Elderly")} -> Children | J94: Male | K94: 84220 | L94: {=_xlfn.IFS(Table14[[#This Row],[Treatment Cost]]<50000,"Low Billing",Table14[[#This Row],[Treatment Cost]]<200000,"Moderate Billing",Table14[[#This Row],[Treatment Cost]]>=200000,"High Billing")} -> Moderate Billing | M94: Follow-up | N94: =IF(AND(Table14[[#This Row],[Outcome]]="Follow-up",Table14[[#This Row],[Admission Status]]="Patient Discharged"),"High Risk Patient","Low Risk Patient") -> High Risk Patient | O94: =IFERROR(VLOOKUP(Table14[[#This Row],[Department]],Doctor_Info!A:D,2,FALSE), "") -> Dr. Temi | P94: =IF(COUNTIF(A:A,Table14[[#This Row],[Patient ID]]>1),"Returning Patient","New Patient") -> New Patient | Q94: =_xlfn.XLOOKUP(Table14[[#This Row],[Department]], Doctor_Info!A:A, Doctor_Info!C:C, "")&"" -> 502 | R94: =TEXT(Table14[[#This Row],[Admission Date]],"ddd") -> Sat | S94: =TEXT(Table14[[#This Row],[Admission Date]],"mmm") -> Feb | T94: =TEXT(Table14[[#This Row],[Admission Date]],"yyyy") -> 2024 | U94: =TEXT(Table14[[#This Row],[Admission Date]],"mmm-yyyy") -> Feb-2024 | V94: =MEDIAN($D$2:$D$484) -> 8
A95: HOSP-194 | B95: 45327 | C95: 45328 | D95: =IF(ISBLANK(Table14[[#This Row],[Discharge Date]]),TODAY()-Table14[[#This Row],[Admission Date]], Table14[[#This Row],[Discharge Date]]-Table14[[#This Row],[Admission Date]]) -> 1 | E95: =IF(Table14[[#This Row],[Discharge Date]]="","Still Admitted","Patient Discharged") -> Patient Discharged | F95: =IF(WEEKDAY(Table14[[#This Row],[Admission Date]],2)>5,"Weekend","Weekday") -> Weekday | G95: Emergency Ward | H95: 16 | I95: {=_xlfn.IFS(Table14[[#This Row],[Age]]<18,"Children",Table14[[#This Row],[Age]]<50,"Adult",Table14[[#This Row],[Age]]>=50,"Elderly")} -> Children | J95: Female | K95: 85190 | L95: {=_xlfn.IFS(Table14[[#This Row],[Treatment Cost]]<50000,"Low Billing",Table14[[#This Row],[Treatment Cost]]<200000,"Moderate Billing",Table14[[#This Row],[Treatment Cost]]>=200000,"High Billing")} -> Moderate Billing | M95: Recovered | N95: =IF(AND(Table14[[#This Row],[Outcome]]="Follow-up",Table14[[#This Row],[Admission Status]]="Patient Discharged"),"High Risk Patient","Low Risk Patient") -> Low Risk Patient | O95: =IFERROR(VLOOKUP(Table14[[#This Row],[Department]],Doctor_Info!A:D,2,FALSE), "") -> Dr. Kofi | P95: =IF(COUNTIF(A:A,Table14[[#This Row],[Patient ID]]>1),"Returning Patient","New Patient") -> New Patient | Q95: =_xlfn.XLOOKUP(Table14[[#This Row],[Department]], Doctor_Info!A:A, Doctor_Info!C:C, "")&"" -> 102 | R95: =TEXT(Table14[[#This Row],[Admission Date]],"ddd") -> Mon | S95: =TEXT(Table14[[#This Row],[Admission Date]],"mmm") -> Feb | T95: =TEXT(Table14[[#This Row],[Admission Date]],"yyyy") -> 2024 | U95: =TEXT(Table14[[#This Row],[Admission Date]],"mmm-yyyy") -> Feb-2024 | V95: =MEDIAN($D$2:$D$484) -> 8
A96: HOSP-195 | B96: 45332 | D96: =IF(ISBLANK(Table14[[#This Row],[Discharge Date]]),TODAY()-Table14[[#This Row],[Admission Date]], Table14[[#This Row],[Discharge Date]]-Table14[[#This Row],[Admission Date]]) -> 806 | E96: =IF(Table14[[#This Row],[Discharge Date]]="","Still Admitted","Patient Discharged") -> Still Admitted | F96: =IF(WEEKDAY(Table14[[#This Row],[Admission Date]],2)>5,"Weekend","Weekday") -> Weekend | G96: Oncology | H96: 18 | I96: {=_xlfn.IFS(Table14[[#This Row],[Age]]<18,"Children",Table14[[#This Row],[Age]]<50,"Adult",Table14[[#This Row],[Age]]>=50,"Elderly")} -> Adult | J96: Female | K96: 86160 | L96: {=_xlfn.IFS(Table14[[#This Row],[Treatment Cost]]<50000,"Low Billing",Table14[[#This Row],[Treatment Cost]]<200000,"Moderate Billing",Table14[[#This Row],[Treatment Cost]]>=200000,"High Billing")} -> Moderate Billing | M96: Pending | N96: =IF(AND(Table14[[#This Row],[Outcome]]="Follow-up",Table14[[#This Row],[Admission Status]]="Patient Discharged"),"High Risk Patient","Low Risk Patient") -> Low Risk Patient | O96: =IFERROR(VLOOKUP(Table14[[#This Row],[Department]],Doctor_Info!A:D,2,FALSE), "") -> Dr. George | P96: =IF(COUNTIF(A:A,Table14[[#This Row],[Patient ID]]>1),"Returning Patient","New Patient") -> New Patient | Q96: =_xlfn.XLOOKUP(Table14[[#This Row],[Department]], Doctor_Info!A:A, Doctor_Info!C:C, "")&"" -> 405 | R96: =TEXT(Table14[[#This Row],[Admission Date]],"ddd") -> Sat | S96: =TEXT(Table14[[#This Row],[Admission Date]],"mmm") -> Feb | T96: =TEXT(Table14[[#This Row],[Admission Date]],"yyyy") -> 2024 | U96: =TEXT(Table14[[#This Row],[Admission Date]],"mmm-yyyy") -> Feb-2024 | V96: =MEDIAN($D$2:$D$484) -> 8
A97: HOSP-196 | B97: 45319 | C97: 45327 | D97: =IF(ISBLANK(Table14[[#This Row],[Discharge Date]]),TODAY()-Table14[[#This Row],[Admission Date]], Table14[[#This Row],[Discharge Date]]-Table14[[#This Row],[Admission Date]]) -> 8 | E97: =IF(Table14[[#This Row],[Discharge Date]]="","Still Admitted","Patient Discharged") -> Patient Discharged | F97: =IF(WEEKDAY(Table14[[#This Row],[Admission Date]],2)>5,"Weekend","Weekday") -> Weekend | G97: Cardiology | H97: 20 | I97: {=_xlfn.IFS(Table14[[#This Row],[Age]]<18,"Children",Table14[[#This Row],[Age]]<50,"Adult",Table14[[#This Row],[Age]]>=50,"Elderly")} -> Adult | J97: Male | K97: 87130 | L97: {=_xlfn.IFS(Table14[[#This Row],[Treatment Cost]]<50000,"Low Billing",Table14[[#This Row],[Treatment Cost]]<200000,"Moderate Billing",Table14[[#This Row],[Treatment Cost]]>=200000,"High Billing")} -> Moderate Billing | M97: Follow-up | N97: =IF(AND(Table14[[#This Row],[Outcome]]="Follow-up",Table14[[#This Row],[Admission Status]]="Patient Discharged"),"High Risk Patient","Low Risk Patient") -> High Risk Patient | O97: =IFERROR(VLOOKUP(Table14[[#This Row],[Department]],Doctor_Info!A:D,2,FALSE), "") -> Dr. Ada | P97: =IF(COUNTIF(A:A,Table14[[#This Row],[Patient ID]]>1),"Returning Patient","New Patient") -> New Patient | Q97: =_xlfn.XLOOKUP(Table14[[#This Row],[Department]], Doctor_Info!A:A, Doctor_Info!C:C, "")&"" -> 301 | R97: =TEXT(Table14[[#This Row],[Admission Date]],"ddd") -> Sun | S97: =TEXT(Table14[[#This Row],[Admission Date]],"mmm") -> Jan | T97: =TEXT(Table14[[#This Row],[Admission Date]],"yyyy") -> 2024 | U97: =TEXT(Table14[[#This Row],[Admission Date]],"mmm-yyyy") -> Jan-2024 | V97: =MEDIAN($D$2:$D$484) -> 8
A98: HOSP-197 | B98: 45323 | C98: 45324 | D98: =IF(ISBLANK(Table14[[#This Row],[Discharge Date]]),TODAY()-Table14[[#This Row],[Admission Date]], Table14[[#This Row],[Discharge Date]]-Table14[[#This Row],[Admission Date]]) -> 1 | E98: =IF(Table14[[#This Row],[Discharge Date]]="","Still Admitted","Patient Discharged") -> Patient Discharged | F98: =IF(WEEKDAY(Table14[[#This Row],[Admission Date]],2)>5,"Weekend","Weekday") -> Weekday | G98: Emergency Ward | H98: 22 | I98: {=_xlfn.IFS(Table14[[#This Row],[Age]]<18,"Children",Table14[[#This Row],[Age]]<50,"Adult",Table14[[#This Row],[Age]]>=50,"Elderly")} -> Adult | J98: Female | K98: 88100 | L98: {=_xlfn.IFS(Table14[[#This Row],[Treatment Cost]]<50000,"Low Billing",Table14[[#This Row],[Treatment Cost]]<200000,"Moderate Billing",Table14[[#This Row],[Treatment Cost]]>=200000,"High Billing")} -> Moderate Billing | M98: Recovered | N98: =IF(AND(Table14[[#This Row],[Outcome]]="Follow-up",Table14[[#This Row],[Admission Status]]="Patient Discharged"),"High Risk Patient","Low Risk Patient") -> Low Risk Patient | O98: =IFERROR(VLOOKUP(Table14[[#This Row],[Department]],Doctor_Info!A:D,2,FALSE), "") -> Dr. Kofi | P98: =IF(COUNTIF(A:A,Table14[[#This Row],[Patient ID]]>1),"Returning Patient","New Patient") -> New Patient | Q98: =_xlfn.XLOOKUP(Table14[[#This Row],[Department]], Doctor_Info!A:A, Doctor_Info!C:C, "")&"" -> 102 | R98: =TEXT(Table14[[#This Row],[Admission Date]],"ddd") -> Thu | S98: =TEXT(Table14[[#This Row],[Admission Date]],"mmm") -> Feb | T98: =TEXT(Table14[[#This Row],[Admission Date]],"yyyy") -> 2024 | U98: =TEXT(Table14[[#This Row],[Admission Date]],"mmm-yyyy") -> Feb-2024 | V98: =MEDIAN($D$2:$D$484) -> 8
A99: HOSP-198 | B99: 45325 | C99: 45337 | D99: =IF(ISBLANK(Table14[[#This Row],[Discharge Date]]),TODAY()-Table14[[#This Row],[Admission Date]], Table14[[#This Row],[Discharge Date]]-Table14[[#This Row],[Admission Date]]) -> 12 | E99: =IF(Table14[[#This Row],[Discharge Date]]="","Still Admitted","Patient Discharged") -> Patient Discharged | F99: =IF(WEEKDAY(Table14[[#This Row],[Admission Date]],2)>5,"Weekend","Weekday") -> Weekend | G99: Neurology | H99: 24 | I99: {=_xlfn.IFS(Table14[[#This Row],[Age]]<18,"Children",Table14[[#This Row],[Age]]<50,"Adult",Table14[[#This Row],[Age]]>=50,"Elderly")} -> Adult | J99: Male | K99: 89070 | L99: {=_xlfn.IFS(Table14[[#This Row],[Treatment Cost]]<50000,"Low Billing",Table14[[#This Row],[Treatment Cost]]<200000,"Moderate Billing",Table14[[#This Row],[Treatment Cost]]>=200000,"High Billing")} -> Moderate Billing | M99: Follow-up | N99: =IF(AND(Table14[[#This Row],[Outcome]]="Follow-up",Table14[[#This Row],[Admission Status]]="Patient Discharged"),"High Risk Patient","Low Risk Patient") -> High Risk Patient | O99: =IFERROR(VLOOKUP(Table14[[#This Row],[Department]],Doctor_Info!A:D,2,FALSE), "") -> Dr. Temi | P99: =IF(COUNTIF(A:A,Table14[[#This Row],[Patient ID]]>1),"Returning Patient","New Patient") -> New Patient | Q99: =_xlfn.XLOOKUP(Table14[[#This Row],[Department]], Doctor_Info!A:A, Doctor_Info!C:C, "")&"" -> 502 | R99: =TEXT(Table14[[#This Row],[Admission Date]],"ddd") -> Sat | S99: =TEXT(Table14[[#This Row],[Admission Date]],"mmm") -> Feb | T99: =TEXT(Table14[[#This Row],[Admission Date]],"yyyy") -> 2024 | U99: =TEXT(Table14[[#This Row],[Admission Date]],"mmm-yyyy") -> Feb-2024 | V99: =MEDIAN($D$2:$D$484) -> 8
A100: HOSP-199 | B100: 45327 | C100: 45328 | D100: =IF(ISBLANK(Table14[[#This Row],[Discharge Date]]),TODAY()-Table14[[#This Row],[Admission Date]], Table14[[#This Row],[Discharge Date]]-Table14[[#This Row],[Admission Date]]) -> 1 | E100: =IF(Table14[[#This Row],[Discharge Date]]="","Still Admitted","Patient Discharged") -> Patient Discharged | F100: =IF(WEEKDAY(Table14[[#This Row],[Admission Date]],2)>5,"Weekend","Weekday") -> Weekday | G100: Emergency Ward | H100: 26 | I100: {=_xlfn.IFS(Table14[[#This Row],[Age]]<18,"Children",Table14[[#This Row],[Age]]<50,"Adult",Table14[[#This Row],[Age]]>=50,"Elderly")} -> Adult | J100: Female | K100: 90040 | L100: {=_xlfn.IFS(Table14[[#This Row],[Treatment Cost]]<50000,"Low Billing",Table14[[#This Row],[Treatment Cost]]<200000,"Moderate Billing",Table14[[#This Row],[Treatment Cost]]>=200000,"High Billing")} -> Moderate Billing | M100: Recovered | N100: =IF(AND(Table14[[#This Row],[Outcome]]="Follow-up",Table14[[#This Row],[Admission Status]]="Patient Discharged"),"High Risk Patient","Low Risk Patient") -> Low Risk Patient | O100: =IFERROR(VLOOKUP(Table14[[#This Row],[Department]],Doctor_Info!A:D,2,FALSE), "") -> Dr. Kofi | P100: =IF(COUNTIF(A:A,Table14[[#This Row],[Patient ID]]>1),"Returning Patient","New Patient") -> New Patient | Q100: =_xlfn.XLOOKUP(Table14[[#This Row],[Department]], Doctor_Info!A:A, Doctor_Info!C:C, "")&"" -> 102 | R100: =TEXT(Table14[[#This Row],[Admission Date]],"ddd") -> Mon | S100: =TEXT(Table14[[#This Row],[Admission Date]],"mmm") -> Feb | T100: =TEXT(Table14[[#This Row],[Admission Date]],"yyyy") -> 2024 | U100: =TEXT(Table14[[#This Row],[Admission Date]],"mmm-yyyy") -> Feb-2024 | V100: =MEDIAN($D$2:$D$484) -> 8
...

Sheet Cleaned Data
A1: Patient ID | B1: Admission Date | C1: Discharge Date | D1: Department | E1: Age | F1: Gender | G1: Treatment Cost | H1: Outcome | I1: Doctor | J1: Room Number
A2: HOSP-101 | B2: 45322 | C2: 45322 | D2: Cardiology | E2: 67 | F2: MALE | G2: 8500 | H2: Recovered | I2: =IFERROR(VLOOKUP(Table1[[#This Row],[Department]],Doctor_Info!A:D,2,FALSE), "") -> Dr. Ada | J2: =_xlfn.XLOOKUP(Table1[[#This Row],[Department]], Doctor_Info!A:A, Doctor_Info!C:C, "")&"" -> 301
A3: HOSP-102 | B3: 45293 | C3: 45294 | D3: Emergency Ward | E3: 22 | F3: FEMALE | G3: 900 | H3: Recovered | I3: =IFERROR(VLOOKUP(Table1[[#This Row],[Department]],Doctor_Info!A:D,2,FALSE), "") -> Dr. Kofi | J3: =_xlfn.XLOOKUP(Table1[[#This Row],[Department]], Doctor_Info!A:A, Doctor_Info!C:C, "")&"" -> 102
A4: HOSP-103 | B4: 45296 | C4: 45311 | D4: Oncology | E4: 54 | F4: FEMALE | G4: 15000 | H4: Follow-up | I4: =IFERROR(VLOOKUP(Table1[[#This Row],[Department]],Doctor_Info!A:D,2,FALSE), "") -> Dr. George | J4: =_xlfn.XLOOKUP(Table1[[#This Row],[Department]], Doctor_Info!A:A, Doctor_Info!C:C, "")&"" -> 405
A5: HOSP-104 | B5: 45301 | C5: 45303 | D5: Pediatrics | E5: 8 | F5: MALE | G5: 250000 | H5: Follow-up | I5: =IFERROR(VLOOKUP(Table1[[#This Row],[Department]],Doctor_Info!A:D,2,FALSE), "") -> Dr. Segun | J5: =_xlfn.XLOOKUP(Table1[[#This Row],[Department]], Doctor_Info!A:A, Doctor_Info!C:C, "")&"" -> 210
A6: HOSP-105 | B6: 45321 | C6: 45322 | D6: Emergency Ward | E6: 31 | F6: MALE | G6: 1100 | H6: Recovered | I6: =IFERROR(VLOOKUP(Table1[[#This Row],[Department]],Doctor_Info!A:D,2,FALSE), "") -> Dr. Kofi | J6: =_xlfn.XLOOKUP(Table1[[#This Row],[Department]], Doctor_Info!A:A, Doctor_Info!C:C, "")&"" -> 102
A7: HOSP-106 | B7: 45306 | C7: 45313 | D7: Cardiology | E7: 72 | F7: FEMALE | G7: 9200 | H7: Follow-up | I7: =IFERROR(VLOOKUP(Table1[[#This Row],[Department]],Doctor_Info!A:D,2,FALSE), "") -> Dr. Ada | J7: =_xlfn.XLOOKUP(Table1[[#This Row],[Department]], Doctor_Info!A:A, Doctor_Info!C:C, "")&"" -> 301
A8: HOSP-107 | B8: 45309 | D8: Neurology | E8: 41 | F8: MALE | G8: 4500 | H8: Pending | I8: =IFERROR(VLOOKUP(Table1[[#This Row],[Department]],Doctor_Info!A:D,2,FALSE), "") -> Dr. Temi | J8: =_xlfn.XLOOKUP(Table1[[#This Row],[Department]], Doctor_Info!A:A, Doctor_Info!C:C, "")&"" -> 502
A9: HOSP-108 | B9: 45311 | C9: 45321 | D9: Oncology | E9: 61 | F9: FEMALE | G9: 14000 | H9: Recovered | I9: =IFERROR(VLOOKUP(Table1[[#This Row],[Department]],Doctor_Info!A:D,2,FALSE), "") -> Dr. George | J9: =_xlfn.XLOOKUP(Table1[[#This Row],[Department]], Doctor_Info!A:A, Doctor_Info!C:C, "")&"" -> 405
A10: HOSP-109 | B10: 45313 | C10: 45314 | D10: Emergency Ward | E10: 19 | F10: MALE | G10: 850 | H10: Recovered | I10: =IFERROR(VLOOKUP(Table1[[#This Row],[Department]],Doctor_Info!A:D,2,FALSE), "") -> Dr. Kofi | J10: =_xlfn.XLOOKUP(Table1[[#This Row],[Department]], Doctor_Info!A:A, Doctor_Info!C:C, "")&"" -> 102
A11: HOSP-110 | B11: 45316 | C11: 45319 | D11: Pediatrics | E11: 4 | F11: FEMALE | G11: 180000 | H11: Recovered | I11: =IFERROR(VLOOKUP(Table1[[#This Row],[Department]],Doctor_Info!A:D,2,FALSE), "") -> Dr. Segun | J11: =_xlfn.XLOOKUP(Table1[[#This Row],[Department]], Doctor_Info!A:A, Doctor_Info!C:C, "")&"" -> 210
A12: HOSP-111 | B12: 45319 | C12: 45327 | D12: Cardiology | E12: 55 | F12: MALE | G12: 7600 | H12: Follow-up | I12: =IFERROR(VLOOKUP(Table1[[#This Row],[Department]],Doctor_Info!A:D,2,FALSE), "") -> Dr. Ada | J12: =_xlfn.XLOOKUP(Table1[[#This Row],[Department]], Doctor_Info!A:A, Doctor_Info!C:C, "")&"" -> 301
A13: HOSP-112 | B13: 45323 | C13: 45324 | D13: Emergency Ward | E13: 33 | F13: FEMALE | G13: 1050 | H13: Recovered | I13: =IFERROR(VLOOKUP(Table1[[#This Row],[Department]],Doctor_Info!A:D,2,FALSE), "") -> Dr. Kofi | J13: =_xlfn.XLOOKUP(Table1[[#This Row],[Department]], Doctor_Info!A:A, Doctor_Info!C:C, "")&"" -> 102
A14: HOSP-113 | B14: 45325 | C14: 45337 | D14: Neurology | E14: 68 | F14: MALE | G14: 11000 | H14: Follow-up | I14: =IFERROR(VLOOKUP(Table1[[#This Row],[Department]],Doctor_Info!A:D,2,FALSE), "") -> Dr. Temi | J14: =_xlfn.XLOOKUP(Table1[[#This Row],[Department]], Doctor_Info!A:A, Doctor_Info!C:C, "")&"" -> 502
A15: HOSP-114 | B15: 45327 | C15: 45328 | D15: Emergency Ward | E15: 25 | F15: FEMALE | G15: 950 | H15: Recovered | I15: =IFERROR(VLOOKUP(Table1[[#This Row],[Department]],Doctor_Info!A:D,2,FALSE), "") -> Dr. Kofi | J15: =_xlfn.XLOOKUP(Table1[[#This Row],[Department]], Doctor_Info!A:A, Doctor_Info!C:C, "")&"" -> 102
A16: HOSP-115 | B16: 45332 | D16: Oncology | E16: 49 | F16: FEMALE | G16: 12500 | H16: Pending | I16: =IFERROR(VLOOKUP(Table1[[#This Row],[Department]],Doctor_Info!A:D,2,FALSE), "") -> Dr. George | J16: =_xlfn.XLOOKUP(Table1[[#This Row],[Department]], Doctor_Info!A:A, Doctor_Info!C:C, "")&"" -> 405
A17: HOSP-116 | B17: 45319 | C17: 45327 | D17: Cardiology | E17: 40 | F17: MALE | G17: 9530 | H17: Follow-up | I17: =IFERROR(VLOOKUP(Table1[[#This Row],[Department]],Doctor_Info!A:D,2,FALSE), "") -> Dr. Ada | J17: =_xlfn.XLOOKUP(Table1[[#This Row],[Department]], Doctor_Info!A:A, Doctor_Info!C:C, "")&"" -> 301
A18: HOSP-117 | B18: 45323 | C18: 45324 | D18: Emergency Ward | E18: 38 | F18: FEMALE | G18: 10500 | H18: Recovered | I18: =IFERROR(VLOOKUP(Table1[[#This Row],[Department]],Doctor_Info!A:D,2,FALSE), "") -> Dr. Kofi | J18: =_xlfn.XLOOKUP(Table1[[#This Row],[Department]], Doctor_Info!A:A, Doctor_Info!C:C, "")&"" -> 102
A19: HOSP-118 | B19: 45325 | C19: 45337 | D19: Neurology | E19: 36 | F19: MALE | G19: 11470 | H19: Follow-up | I19: =IFERROR(VLOOKUP(Table1[[#This Row],[Department]],Doctor_Info!A:D,2,FALSE), "") -> Dr. Temi | J19: =_xlfn.XLOOKUP(Table1[[#This Row],[Department]], Doctor_Info!A:A, Doctor_Info!C:C, "")&"" -> 502
A20: HOSP-119 | B20: 45327 | C20: 45328 | D20: Emergency Ward | E20: 34 | F20: FEMALE | G20: 12440 | H20: Recovered | I20: =IFERROR(VLOOKUP(Table1[[#This Row],[Department]],Doctor_Info!A:D,2,FALSE), "") -> Dr. Kofi | J20: =_xlfn.XLOOKUP(Table1[[#This Row],[Department]], Doctor_Info!A:A, Doctor_Info!C:C, "")&"" -> 102
A21: HOSP-120 | B21: 45332 | D21: Oncology | E21: 32 | F21: FEMALE | G21: 13410 | H21: Pending | I21: =IFERROR(VLOOKUP(Table1[[#This Row],[Department]],Doctor_Info!A:D,2,FALSE), "") -> Dr. George | J21: =_xlfn.XLOOKUP(Table1[[#This Row],[Department]], Doctor_Info!A:A, Doctor_Info!C:C, "")&"" -> 405
A22: HOSP-121 | B22: 45319 | C22: 45327 | D22: Cardiology | E22: 30 | F22: MALE | G22: 14380 | H22: Follow-up | I22: =IFERROR(VLOOKUP(Table1[[#This Row],[Department]],Doctor_Info!A:D,2,FALSE), "") -> Dr. Ada | J22: =_xlfn.XLOOKUP(Table1[[#This Row],[Department]], Doctor_Info!A:A, Doctor_Info!C:C, "")&"" -> 301
A23: HOSP-122 | B23: 45323 | C23: 45324 | D23: Emergency Ward | E23: 28 | F23: FEMALE | G23: 15350 | H23: Recovered | I23: =IFERROR(VLOOKUP(Table1[[#This Row],[Department]],Doctor_Info!A:D,2,FALSE), "") -> Dr. Kofi | J23: =_xlfn.XLOOKUP(Table1[[#This Row],[Department]], Doctor_Info!A:A, Doctor_Info!C:C, "")&"" -> 102
A24: HOSP-123 | B24: 45325 | C24: 45337 | D24: Neurology | E24: 26 | F24: MALE | G24: 16320 | H24: Follow-up | I24: =IFERROR(VLOOKUP(Table1[[#This Row],[Department]],Doctor_Info!A:D,2,FALSE), "") -> Dr. Temi | J24: =_xlfn.XLOOKUP(Table1[[#This Row],[Department]], Doctor_Info!A:A, Doctor_Info!C:C, "")&"" -> 502
A25: HOSP-124 | B25: 45327 | C25: 45328 | D25: Emergency Ward | E25: 24 | F25: FEMALE | G25: 17290 | H25: Recovered | I25: =IFERROR(VLOOKUP(Table1[[#This Row],[Department]],Doctor_Info!A:D,2,FALSE), "") -> Dr. Kofi | J25: =_xlfn.XLOOKUP(Table1[[#This Row],[Department]], Doctor_Info!A:A, Doctor_Info!C:C, "")&"" -> 102
A26: HOSP-125 | B26: 45332 | D26: Oncology | E26: 22 | F26: FEMALE | G26: 18260 | H26: Pending | I26: =IFERROR(VLOOKUP(Table1[[#This Row],[Department]],Doctor_Info!A:D,2,FALSE), "") -> Dr. George | J26: =_xlfn.XLOOKUP(Table1[[#This Row],[Department]], Doctor_Info!A:A, Doctor_Info!C:C, "")&"" -> 405
A27: HOSP-126 | B27: 45319 | C27: 45327 | D27: Cardiology | E27: 20 | F27: MALE | G27: 19230 | H27: Follow-up | I27: =IFERROR(VLOOKUP(Table1[[#This Row],[Department]],Doctor_Info!A:D,2,FALSE), "") -> Dr. Ada | J27: =_xlfn.XLOOKUP(Table1[[#This Row],[Department]], Doctor_Info!A:A, Doctor_Info!C:C, "")&"" -> 301
A28: HOSP-127 | B28: 45323 | C28: 45324 | D28: Emergency Ward | E28: 18 | F28: FEMALE | G28: 20200 | H28: Recovered | I28: =IFERROR(VLOOKUP(Table1[[#This Row],[Department]],Doctor_Info!A:D,2,FALSE), "") -> Dr. Kofi | J28: =_xlfn.XLOOKUP(Table1[[#This Row],[Department]], Doctor_Info!A:A, Doctor_Info!C:C, "")&"" -> 102
A29: HOSP-128 | B29: 45325 | C29: 45337 | D29: Neurology | E29: 16 | F29: MALE | G29: 21170 | H29: Follow-up | I29: =IFERROR(VLOOKUP(Table1[[#This Row],[Department]],Doctor_Info!A:D,2,FALSE), "") -> Dr. Temi | J29: =_xlfn.XLOOKUP(Table1[[#This Row],[Department]], Doctor_Info!A:A, Doctor_Info!C:C, "")&"" -> 502
A30: HOSP-129 | B30: 45327 | C30: 45328 | D30: Emergency Ward | E30: 14 | F30: FEMALE | G30: 22140 | H30: Recovered | I30: =IFERROR(VLOOKUP(Table1[[#This Row],[Department]],Doctor_Info!A:D,2,FALSE), "") -> Dr. Kofi | J30: =_xlfn.XLOOKUP(Table1[[#This Row],[Department]], Doctor_Info!A:A, Doctor_Info!C:C, "")&"" -> 102
A31: HOSP-130 | B31: 45332 | D31: Oncology | E31: 12 | F31: FEMALE | G31: 23110 | H31: Pending | I31: =IFERROR(VLOOKUP(Table1[[#This Row],[Department]],Doctor_Info!A:D,2,FALSE), "") -> Dr. George | J31: =_xlfn.XLOOKUP(Table1[[#This Row],[Department]], Doctor_Info!A:A, Doctor_Info!C:C, "")&"" -> 405
A32: HOSP-131 | B32: 45319 | C32: 45327 | D32: Cardiology | E32: 10 | F32: MALE | G32: 24080 | H32: Follow-up | I32: =IFERROR(VLOOKUP(Table1[[#This Row],[Department]],Doctor_Info!A:D,2,FALSE), "") -> Dr. Ada | J32: =_xlfn.XLOOKUP(Table1[[#This Row],[Department]], Doctor_Info!A:A, Doctor_Info!C:C, "")&"" -> 301
A33: HOSP-132 | B33: 45323 | C33: 45324 | D33: Emergency Ward | E33: 8 | F33: FEMALE | G33: 25050 | H33: Recovered | I33: =IFERROR(VLOOKUP(Table1[[#This Row],[Department]],Doctor_Info!A:D,2,FALSE), "") -> Dr. Kofi | J33: =_xlfn.XLOOKUP(Table1[[#This Row],[Department]], Doctor_Info!A:A, Doctor_Info!C:C, "")&"" -> 102
A34: HOSP-133 | B34: 45325 | C34: 45337 | D34: Neurology | E34: 6 | F34: MALE | G34: 26020 | H34: Follow-up | I34: =IFERROR(VLOOKUP(Table1[[#This Row],[Department]],Doctor_Info!A:D,2,FALSE), "") -> Dr. Temi | J34: =_xlfn.XLOOKUP(Table1[[#This Row],[Department]], Doctor_Info!A:A, Doctor_Info!C:C, "")&"" -> 502
A35: HOSP-134 | B35: 45327 | C35: 45328 | D35: Emergency Ward | E35: 4 | F35: FEMALE | G35: 26990 | H35: Recovered | I35: =IFERROR(VLOOKUP(Table1[[#This Row],[Department]],Doctor_Info!A:D,2,FALSE), "") -> Dr. Kofi | J35: =_xlfn.XLOOKUP(Table1[[#This Row],[Department]], Doctor_Info!A:A, Doctor_Info!C:C, "")&"" -> 102
A36: HOSP-135 | B36: 45332 | D36: Oncology | E36: 2 | F36: FEMALE | G36: 27960 | H36: Pending | I36: =IFERROR(VLOOKUP(Table1[[#This Row],[Department]],Doctor_Info!A:D,2,FALSE), "") -> Dr. George | J36: =_xlfn.XLOOKUP(Table1[[#This Row],[Department]], Doctor_Info!A:A, Doctor_Info!C:C, "")&"" -> 405
A37: HOSP-136 | B37: 45319 | C37: 45327 | D37: Cardiology | E37: 0 | F37: MALE | G37: 28930 | H37: Follow-up | I37: =IFERROR(VLOOKUP(Table1[[#This Row],[Department]],Doctor_Info!A:D,2,FALSE), "") -> Dr. Ada | J37: =_xlfn.XLOOKUP(Table1[[#This Row],[Department]], Doctor_Info!A:A, Doctor_Info!C:C, "")&"" -> 301
A38: HOSP-137 | B38: 45323 | C38: 45324 | D38: Emergency Ward | E38: 2 | F38: FEMALE | G38: 29900 | H38: Recovered | I38: =IFERROR(VLOOKUP(Table1[[#This Row],[Department]],Doctor_Info!A:D,2,FALSE), "") -> Dr. Kofi | J38: =_xlfn.XLOOKUP(Table1[[#This Row],[Department]], Doctor_Info!A:A, Doctor_Info!C:C, "")&"" -> 102
A39: HOSP-138 | B39: 45325 | C39: 45337 | D39: Neurology | E39: 4 | F39: MALE | G39: 30870 | H39: Follow-up | I39: =IFERROR(VLOOKUP(Table1[[#This Row],[Department]],Doctor_Info!A:D,2,FALSE), "") -> Dr. Temi | J39: =_xlfn.XLOOKUP(Table1[[#This Row],[Department]], Doctor_Info!A:A, Doctor_Info!C:C, "")&"" -> 502
A40: HOSP-139 | B40: 45327 | C40: 45328 | D40: Emergency Ward | E40: 6 | F40: FEMALE | G40: 31840 | H40: Recovered | I40: =IFERROR(VLOOKUP(Table1[[#This Row],[Department]],Doctor_Info!A:D,2,FALSE), "") -> Dr. Kofi | J40: =_xlfn.XLOOKUP(Table1[[#This Row],[Department]], Doctor_Info!A:A, Doctor_Info!C:C, "")&"" -> 102
A41: HOSP-140 | B41: 45332 | D41: Oncology | E41: 8 | F41: FEMALE | G41: 32810 | H41: Pending | I41: =IFERROR(VLOOKUP(Table1[[#This Row],[Department]],Doctor_Info!A:D,2,FALSE), "") -> Dr. George | J41: =_xlfn.XLOOKUP(Table1[[#This Row],[Department]], Doctor_Info!A:A, Doctor_Info!C:C, "")&"" -> 405
A42: HOSP-141 | B42: 45319 | C42: 45327 | D42: Cardiology | E42: 10 | F42: MALE | G42: 33780 | H42: Follow-up | I42: =IFERROR(VLOOKUP(Table1[[#This Row],[Department]],Doctor_Info!A:D,2,FALSE), "") -> Dr. Ada | J42: =_xlfn.XLOOKUP(Table1[[#This Row],[Department]], Doctor_Info!A:A, Doctor_Info!C:C, "")&"" -> 301
A43: HOSP-142 | B43: 45323 | C43: 45324 | D43: Emergency Ward | E43: 12 | F43: FEMALE | G43: 34750 | H43: Recovered | I43: =IFERROR(VLOOKUP(Table1[[#This Row],[Department]],Doctor_Info!A:D,2,FALSE), "") -> Dr. Kofi | J43: =_xlfn.XLOOKUP(Table1[[#This Row],[Department]], Doctor_Info!A:A, Doctor_Info!C:C, "")&"" -> 102
A44: HOSP-143 | B44: 45325 | C44: 45337 | D44: Neurology | E44: 14 | F44: MALE | G44: 35720 | H44: Follow-up | I44: =IFERROR(VLOOKUP(Table1[[#This Row],[Department]],Doctor_Info!A:D,2,FALSE), "") -> Dr. Temi | J44: =_xlfn.XLOOKUP(Table1[[#This Row],[Department]], Doctor_Info!A:A, Doctor_Info!C:C, "")&"" -> 502
A45: HOSP-144 | B45: 45327 | C45: 45328 | D45: Emergency Ward | E45: 16 | F45: FEMALE | G45: 36690 | H45: Recovered | I45: =IFERROR(VLOOKUP(Table1[[#This Row],[Department]],Doctor_Info!A:D,2,FALSE), "") -> Dr. Kofi | J45: =_xlfn.XLOOKUP(Table1[[#This Row],[Department]], Doctor_Info!A:A, Doctor_Info!C:C, "")&"" -> 102
A46: HOSP-145 | B46: 45332 | D46: Oncology | E46: 18 | F46: FEMALE | G46: 37660 | H46: Pending | I46: =IFERROR(VLOOKUP(Table1[[#This Row],[Department]],Doctor_Info!A:D,2,FALSE), "") -> Dr. George | J46: =_xlfn.XLOOKUP(Table1[[#This Row],[Department]], Doctor_Info!A:A, Doctor_Info!C:C, "")&"" -> 405
A47: HOSP-146 | B47: 45319 | C47: 45327 | D47: Cardiology | E47: 20 | F47: MALE | G47: 38630 | H47: Follow-up | I47: =IFERROR(VLOOKUP(Table1[[#This Row],[Department]],Doctor_Info!A:D,2,FALSE), "") -> Dr. Ada | J47: =_xlfn.XLOOKUP(Table1[[#This Row],[Department]], Doctor_Info!A:A, Doctor_Info!C:C, "")&"" -> 301
A48: HOSP-147 | B48: 45323 | C48: 45324 | D48: Emergency Ward | E48: 22 | F48: FEMALE | G48: 39600 | H48: Recovered | I48: =IFERROR(VLOOKUP(Table1[[#This Row],[Department]],Doctor_Info!A:D,2,FALSE), "") -> Dr. Kofi | J48: =_xlfn.XLOOKUP(Table1[[#This Row],[Department]], Doctor_Info!A:A, Doctor_Info!C:C, "")&"" -> 102
A49: HOSP-148 | B49: 45325 | C49: 45337 | D49: Neurology | E49: 24 | F49: MALE | G49: 40570 | H49: Follow-up | I49: =IFERROR(VLOOKUP(Table1[[#This Row],[Department]],Doctor_Info!A:D,2,FALSE), "") -> Dr. Temi | J49: =_xlfn.XLOOKUP(Table1[[#This Row],[Department]], Doctor_Info!A:A, Doctor_Info!C:C, "")&"" -> 502
A50: HOSP-149 | B50: 45327 | C50: 45328 | D50: Emergency Ward | E50: 26 | F50: FEMALE | G50: 41540 | H50: Recovered | I50: =IFERROR(VLOOKUP(Table1[[#This Row],[Department]],Doctor_Info!A:D,2,FALSE), "") -> Dr. Kofi | J50: =_xlfn.XLOOKUP(Table1[[#This Row],[Department]], Doctor_Info!A:A, Doctor_Info!C:C, "")&"" -> 102
A51: HOSP-150 | B51: 45332 | D51: Oncology | E51: 28 | F51: FEMALE | G51: 42510 | H51: Pending | I51: =IFERROR(VLOOKUP(Table1[[#This Row],[Department]],Doctor_Info!A:D,2,FALSE), "") -> Dr. George | J51: =_xlfn.XLOOKUP(Table1[[#This Row],[Department]], Doctor_Info!A:A, Doctor_Info!C:C, "")&"" -> 405
A52: HOSP-151 | B52: 45319 | C52: 45327 | D52: Cardiology | E52: 30 | F52: MALE | G52: 43480 | H52: Follow-up | I52: =IFERROR(VLOOKUP(Table1[[#This Row],[Department]],Doctor_Info!A:D,2,FALSE), "") -> Dr. Ada | J52: =_xlfn.XLOOKUP(Table1[[#This Row],[Department]], Doctor_Info!A:A, Doctor_Info!C:C, "")&"" -> 301
A53: HOSP-152 | B53: 45323 | C53: 45324 | D53: Emergency Ward | E53: 32 | F53: FEMALE | G53: 44450 | H53: Recovered | I53: =IFERROR(VLOOKUP(Table1[[#This Row],[Department]],Doctor_Info!A:D,2,FALSE), "") -> Dr. Kofi | J53: =_xlfn.XLOOKUP(Table1[[#This Row],[Department]], Doctor_Info!A:A, Doctor_Info!C:C, "")&"" -> 102
A54: HOSP-153 | B54: 45325 | C54: 45337 | D54: Neurology | E54: 34 | F54: MALE | G54: 45420 | H54: Follow-up | I54: =IFERROR(VLOOKUP(Table1[[#This Row],[Department]],Doctor_Info!A:D,2,FALSE), "") -> Dr. Temi | J54: =_xlfn.XLOOKUP(Table1[[#This Row],[Department]], Doctor_Info!A:A, Doctor_Info!C:C, "")&"" -> 502
A55: HOSP-154 | B55: 45327 | C55: 45328 | D55: Emergency Ward | E55: 36 | F55: FEMALE | G55: 46390 | H55: Recovered | I55: =IFERROR(VLOOKUP(Table1[[#This Row],[Department]],Doctor_Info!A:D,2,FALSE), "") -> Dr. Kofi | J55: =_xlfn.XLOOKUP(Table1[[#This Row],[Department]], Doctor_Info!A:A, Doctor_Info!C:C, "")&"" -> 102
A56: HOSP-155 | B56: 45332 | D56: Oncology | E56: 38 | F56: FEMALE | G56: 47360 | H56: Pending | I56: =IFERROR(VLOOKUP(Table1[[#This Row],[Department]],Doctor_Info!A:D,2,FALSE), "") -> Dr. George | J56: =_xlfn.XLOOKUP(Table1[[#This Row],[Department]], Doctor_Info!A:A, Doctor_Info!C:C, "")&"" -> 405
A57: HOSP-156 | B57: 45319 | C57: 45327 | D57: Cardiology | E57: 40 | F57: MALE | G57: 48330 | H57: Follow-up | I57: =IFERROR(VLOOKUP(Table1[[#This Row],[Department]],Doctor_Info!A:D,2,FALSE), "") -> Dr. Ada | J57: =_xlfn.XLOOKUP(Table1[[#This Row],[Department]], Doctor_Info!A:A, Doctor_Info!C:C, "")&"" -> 301
A58: HOSP-157 | B58: 45323 | C58: 45324 | D58: Emergency Ward | E58: 42 | F58: FEMALE | G58: 49300 | H58: Recovered | I58: =IFERROR(VLOOKUP(Table1[[#This Row],[Department]],Doctor_Info!A:D,2,FALSE), "") -> Dr. Kofi | J58: =_xlfn.XLOOKUP(Table1[[#This Row],[Department]], Doctor_Info!A:A, Doctor_Info!C:C, "")&"" -> 102
A59: HOSP-158 | B59: 45325 | C59: 45337 | D59: Neurology | E59: 44 | F59: MALE | G59: 50270 | H59: Follow-up | I59: =IFERROR(VLOOKUP(Table1[[#This Row],[Department]],Doctor_Info!A:D,2,FALSE), "") -> Dr. Temi | J59: =_xlfn.XLOOKUP(Table1[[#This Row],[Department]], Doctor_Info!A:A, Doctor_Info!C:C, "")&"" -> 502
A60: HOSP-159 | B60: 45327 | C60: 45328 | D60: Emergency Ward | E60: 46 | F60: FEMALE | G60: 51240 | H60: Recovered | I60: =IFERROR(VLOOKUP(Table1[[#This Row],[Department]],Doctor_Info!A:D,2,FALSE), "") -> Dr. Kofi | J60: =_xlfn.XLOOKUP(Table1[[#This Row],[Department]], Doctor_Info!A:A, Doctor_Info!C:C, "")&"" -> 102
A61: HOSP-160 | B61: 45332 | D61: Oncology | E61: 48 | F61: FEMALE | G61: 52210 | H61: Pending | I61: =IFERROR(VLOOKUP(Table1[[#This Row],[Department]],Doctor_Info!A:D,2,FALSE), "") -> Dr. George | J61: =_xlfn.XLOOKUP(Table1[[#This Row],[Department]], Doctor_Info!A:A, Doctor_Info!C:C, "")&"" -> 405
A62: HOSP-161 | B62: 45319 | C62: 45327 | D62: Cardiology | E62: 50 | F62: MALE | G62: 53180 | H62: Follow-up | I62: =IFERROR(VLOOKUP(Table1[[#This Row],[Department]],Doctor_Info!A:D,2,FALSE), "") -> Dr. Ada | J62: =_xlfn.XLOOKUP(Table1[[#This Row],[Department]], Doctor_Info!A:A, Doctor_Info!C:C, "")&"" -> 301
A63: HOSP-162 | B63: 45323 | C63: 45324 | D63: Emergency Ward | E63: 52 | F63: FEMALE | G63: 54150 | H63: Recovered | I63: =IFERROR(VLOOKUP(Table1[[#This Row],[Department]],Doctor_Info!A:D,2,FALSE), "") -> Dr. Kofi | J63: =_xlfn.XLOOKUP(Table1[[#This Row],[Department]], Doctor_Info!A:A, Doctor_Info!C:C, "")&"" -> 102
A64: HOSP-163 | B64: 45325 | C64: 45337 | D64: Neurology | E64: 54 | F64: MALE | G64: 55120 | H64: Follow-up | I64: =IFERROR(VLOOKUP(Table1[[#This Row],[Department]],Doctor_Info!A:D,2,FALSE), "") -> Dr. Temi | J64: =_xlfn.XLOOKUP(Table1[[#This Row],[Department]], Doctor_Info!A:A, Doctor_Info!C:C, "")&"" -> 502
A65: HOSP-164 | B65: 45327 | C65: 45328 | D65: Emergency Ward | E65: 56 | F65: FEMALE | G65: 56090 | H65: Recovered | I65: =IFERROR(VLOOKUP(Table1[[#This Row],[Department]],Doctor_Info!A:D,2,FALSE), "") -> Dr. Kofi | J65: =_xlfn.XLOOKUP(Table1[[#This Row],[Department]], Doctor_Info!A:A, Doctor_Info!C:C, "")&"" -> 102
A66: HOSP-165 | B66: 45332 | D66: Oncology | E66: 58 | F66: FEMALE | G66: 57060 | H66: Pending | I66: =IFERROR(VLOOKUP(Table1[[#This Row],[Department]],Doctor_Info!A:D,2,FALSE), "") -> Dr. George | J66: =_xlfn.XLOOKUP(Table1[[#This Row],[Department]], Doctor_Info!A:A, Doctor_Info!C:C, "")&"" -> 405
A67: HOSP-166 | B67: 45319 | C67: 45327 | D67: Cardiology | E67: 60 | F67: MALE | G67: 58030 | H67: Follow-up | I67: =IFERROR(VLOOKUP(Table1[[#This Row],[Department]],Doctor_Info!A:D,2,FALSE), "") -> Dr. Ada | J67: =_xlfn.XLOOKUP(Table1[[#This Row],[Department]], Doctor_Info!A:A, Doctor_Info!C:C, "")&"" -> 301
A68: HOSP-167 | B68: 45323 | C68: 45324 | D68: Emergency Ward | E68: 62 | F68: FEMALE | G68: 59000 | H68: Recovered | I68: =IFERROR(VLOOKUP(Table1[[#This Row],[Department]],Doctor_Info!A:D,2,FALSE), "") -> Dr. Kofi | J68: =_xlfn.XLOOKUP(Table1[[#This Row],[Department]], Doctor_Info!A:A, Doctor_Info!C:C, "")&"" -> 102
A69: HOSP-168 | B69: 45325 | C69: 45337 | D69: Neurology | E69: 64 | F69: MALE | G69: 59970 | H69: Follow-up | I69: =IFERROR(VLOOKUP(Table1[[#This Row],[Department]],Doctor_Info!A:D,2,FALSE), "") -> Dr. Temi | J69: =_xlfn.XLOOKUP(Table1[[#This Row],[Department]], Doctor_Info!A:A, Doctor_Info!C:C, "")&"" -> 502
A70: HOSP-169 | B70: 45327 | C70: 45328 | D70: Emergency Ward | E70: 66 | F70: FEMALE | G70: 60940 | H70: Recovered | I70: =IFERROR(VLOOKUP(Table1[[#This Row],[Department]],Doctor_Info!A:D,2,FALSE), "") -> Dr. Kofi | J70: =_xlfn.XLOOKUP(Table1[[#This Row],[Department]], Doctor_Info!A:A, Doctor_Info!C:C, "")&"" -> 102
A71: HOSP-170 | B71: 45332 | D71: Oncology | E71: 68 | F71: FEMALE | G71: 61910 | H71: Pending | I71: =IFERROR(VLOOKUP(Table1[[#This Row],[Department]],Doctor_Info!A:D,2,FALSE), "") -> Dr. George | J71: =_xlfn.XLOOKUP(Table1[[#This Row],[Department]], Doctor_Info!A:A, Doctor_Info!C:C, "")&"" -> 405
A72: HOSP-171 | B72: 45319 | C72: 45327 | D72: Cardiology | E72: 70 | F72: MALE | G72: 62880 | H72: Follow-up | I72: =IFERROR(VLOOKUP(Table1[[#This Row],[Department]],Doctor_Info!A:D,2,FALSE), "") -> Dr. Ada | J72: =_xlfn.XLOOKUP(Table1[[#This Row],[Department]], Doctor_Info!A:A, Doctor_Info!C:C, "")&"" -> 301
A73: HOSP-172 | B73: 45323 | C73: 45324 | D73: Emergency Ward | E73: 72 | F73: FEMALE | G73: 63850 | H73: Recovered | I73: =IFERROR(VLOOKUP(Table1[[#This Row],[Department]],Doctor_Info!A:D,2,FALSE), "") -> Dr. Kofi | J73: =_xlfn.XLOOKUP(Table1[[#This Row],[Department]], Doctor_Info!A:A, Doctor_Info!C:C, "")&"" -> 102
A74: HOSP-173 | B74: 45325 | C74: 45337 | D74: Neurology | E74: 74 | F74: MALE | G74: 64820 | H74: Follow-up | I74: =IFERROR(VLOOKUP(Table1[[#This Row],[Department]],Doctor_Info!A:D,2,FALSE), "") -> Dr. Temi | J74: =_xlfn.XLOOKUP(Table1[[#This Row],[Department]], Doctor_Info!A:A, Doctor_Info!C:C, "")&"" -> 502
A75: HOSP-174 | B75: 45327 | C75: 45328 | D75: Emergency Ward | E75: 76 | F75: FEMALE | G75: 65790 | H75: Recovered | I75: =IFERROR(VLOOKUP(Table1[[#This Row],[Department]],Doctor_Info!A:D,2,FALSE), "") -> Dr. Kofi | J75: =_xlfn.XLOOKUP(Table1[[#This Row],[Department]], Doctor_Info!A:A, Doctor_Info!C:C, "")&"" -> 102
A76: HOSP-175 | B76: 45332 | D76: Oncology | E76: 78 | F76: FEMALE | G76: 66760 | H76: Pending | I76: =IFERROR(VLOOKUP(Table1[[#This Row],[Department]],Doctor_Info!A:D,2,FALSE), "") -> Dr. George | J76: =_xlfn.XLOOKUP(Table1[[#This Row],[Department]], Doctor_Info!A:A, Doctor_Info!C:C, "")&"" -> 405
A77: HOSP-176 | B77: 45319 | C77: 45327 | D77: Cardiology | E77: 80 | F77: MALE | G77: 67730 | H77: Follow-up | I77: =IFERROR(VLOOKUP(Table1[[#This Row],[Department]],Doctor_Info!A:D,2,FALSE), "") -> Dr. Ada | J77: =_xlfn.XLOOKUP(Table1[[#This Row],[Department]], Doctor_Info!A:A, Doctor_Info!C:C, "")&"" -> 301
A78: HOSP-177 | B78: 45323 | C78: 45324 | D78: Emergency Ward | E78: 82 | F78: FEMALE | G78: 68700 | H78: Recovered | I78: =IFERROR(VLOOKUP(Table1[[#This Row],[Department]],Doctor_Info!A:D,2,FALSE), "") -> Dr. Kofi | J78: =_xlfn.XLOOKUP(Table1[[#This Row],[Department]], Doctor_Info!A:A, Doctor_Info!C:C, "")&"" -> 102
A79: HOSP-178 | B79: 45325 | C79: 45337 | D79: Neurology | E79: 84 | F79: MALE | G79: 69670 | H79: Follow-up | I79: =IFERROR(VLOOKUP(Table1[[#This Row],[Department]],Doctor_Info!A:D,2,FALSE), "") -> Dr. Temi | J79: =_xlfn.XLOOKUP(Table1[[#This Row],[Department]], Doctor_Info!A:A, Doctor_Info!C:C, "")&"" -> 502
A80: HOSP-179 | B80: 45327 | C80: 45328 | D80: Emergency Ward | E80: 86 | F80: FEMALE | G80: 70640 | H80: Recovered | I80: =IFERROR(VLOOKUP(Table1[[#This Row],[Department]],Doctor_Info!A:D,2,FALSE), "") -> Dr. Kofi | J80: =_xlfn.XLOOKUP(Table1[[#This Row],[Department]], Doctor_Info!A:A, Doctor_Info!C:C, "")&"" -> 102
A81: HOSP-180 | B81: 45332 | D81: Oncology | E81: 88 | F81: FEMALE | G81: 71610 | H81: Pending | I81: =IFERROR(VLOOKUP(Table1[[#This Row],[Department]],Doctor_Info!A:D,2,FALSE), "") -> Dr. George | J81: =_xlfn.XLOOKUP(Table1[[#This Row],[Department]], Doctor_Info!A:A, Doctor_Info!C:C, "")&"" -> 405
A82: HOSP-181 | B82: 45319 | C82: 45327 | D82: Cardiology | E82: 90 | F82: MALE | G82: 72580 | H82: Follow-up | I82: =IFERROR(VLOOKUP(Table1[[#This Row],[Department]],Doctor_Info!A:D,2,FALSE), "") -> Dr. Ada | J82: =_xlfn.XLOOKUP(Table1[[#This Row],[Department]], Doctor_Info!A:A, Doctor_Info!C:C, "")&"" -> 301
A83: HOSP-182 | B83: 45323 | C83: 45324 | D83: Emergency Ward | E83: 92 | F83: FEMALE | G83: 73550 | H83: Recovered | I83: =IFERROR(VLOOKUP(Table1[[#This Row],[Department]],Doctor_Info!A:D,2,FALSE), "") -> Dr. Kofi | J83: =_xlfn.XLOOKUP(Table1[[#This Row],[Department]], Doctor_Info!A:A, Doctor_Info!C:C, "")&"" -> 102
A84: HOSP-183 | B84: 45325 | C84: 45337 | D84: Neurology | E84: 94 | F84: MALE | G84: 74520 | H84: Follow-up | I84: =IFERROR(VLOOKUP(Table1[[#This Row],[Department]],Doctor_Info!A:D,2,FALSE), "") -> Dr. Temi | J84: =_xlfn.XLOOKUP(Table1[[#This Row],[Department]], Doctor_Info!A:A, Doctor_Info!C:C, "")&"" -> 502
A85: HOSP-184 | B85: 45327 | C85: 45328 | D85: Emergency Ward | E85: 96 | F85: FEMALE | G85: 75490 | H85: Recovered | I85: =IFERROR(VLOOKUP(Table1[[#This Row],[Department]],Doctor_Info!A:D,2,FALSE), "") -> Dr. Kofi | J85: =_xlfn.XLOOKUP(Table1[[#This Row],[Department]], Doctor_Info!A:A, Doctor_Info!C:C, "")&"" -> 102
A86: HOSP-185 | B86: 45332 | D86: Oncology | E86: 98 | F86: FEMALE | G86: 76460 | H86: Pending | I86: =IFERROR(VLOOKUP(Table1[[#This Row],[Department]],Doctor_Info!A:D,2,FALSE), "") -> Dr. George | J86: =_xlfn.XLOOKUP(Table1[[#This Row],[Department]], Doctor_Info!A:A, Doctor_Info!C:C, "")&"" -> 405
A87: HOSP-186 | B87: 45319 | C87: 45327 | D87: Cardiology | E87: 100 | F87: MALE | G87: 77430 | H87: Follow-up | I87: =IFERROR(VLOOKUP(Table1[[#This Row],[Department]],Doctor_Info!A:D,2,FALSE), "") -> Dr. Ada | J87: =_xlfn.XLOOKUP(Table1[[#This Row],[Department]], Doctor_Info!A:A, Doctor_Info!C:C, "")&"" -> 301
A88: HOSP-187 | B88: 45323 | C88: 45324 | D88: Emergency Ward | E88: 2 | F88: FEMALE | G88: 78400 | H88: Recovered | I88: =IFERROR(VLOOKUP(Table1[[#This Row],[Department]],Doctor_Info!A:D,2,FALSE), "") -> Dr. Kofi | J88: =_xlfn.XLOOKUP(Table1[[#This Row],[Department]], Doctor_Info!A:A, Doctor_Info!C:C, "")&"" -> 102
A89: HOSP-188 | B89: 45325 | C89: 45337 | D89: Neurology | E89: 4 | F89: MALE | G89: 79370 | H89: Follow-up | I89: =IFERROR(VLOOKUP(Table1[[#This Row],[Department]],Doctor_Info!A:D,2,FALSE), "") -> Dr. Temi | J89: =_xlfn.XLOOKUP(Table1[[#This Row],[Department]], Doctor_Info!A:A, Doctor_Info!C:C, "")&"" -> 502
A90: HOSP-189 | B90: 45327 | C90: 45328 | D90: Emergency Ward | E90: 6 | F90: FEMALE | G90: 80340 | H90: Recovered | I90: =IFERROR(VLOOKUP(Table1[[#This Row],[Department]],Doctor_Info!A:D,2,FALSE), "") -> Dr. Kofi | J90: =_xlfn.XLOOKUP(Table1[[#This Row],[Department]], Doctor_Info!A:A, Doctor_Info!C:C, "")&"" -> 102
A91: HOSP-190 | B91: 45332 | D91: Oncology | E91: 8 | F91: FEMALE | G91: 81310 | H91: Pending | I91: =IFERROR(VLOOKUP(Table1[[#This Row],[Department]],Doctor_Info!A:D,2,FALSE), "") -> Dr. George | J91: =_xlfn.XLOOKUP(Table1[[#This Row],[Department]], Doctor_Info!A:A, Doctor_Info!C:C, "")&"" -> 405
A92: HOSP-191 | B92: 45319 | C92: 45327 | D92: Cardiology | E92: 10 | F92: MALE | G92: 82280 | H92: Follow-up | I92: =IFERROR(VLOOKUP(Table1[[#This Row],[Department]],Doctor_Info!A:D,2,FALSE), "") -> Dr. Ada | J92: =_xlfn.XLOOKUP(Table1[[#This Row],[Department]], Doctor_Info!A:A, Doctor_Info!C:C, "")&"" -> 301
A93: HOSP-192 | B93: 45323 | C93: 45324 | D93: Emergency Ward | E93: 12 | F93: FEMALE | G93: 83250 | H93: Recovered | I93: =IFERROR(VLOOKUP(Table1[[#This Row],[Department]],Doctor_Info!A:D,2,FALSE), "") -> Dr. Kofi | J93: =_xlfn.XLOOKUP(Table1[[#This Row],[Department]], Doctor_Info!A:A, Doctor_Info!C:C, "")&"" -> 102
A94: HOSP-193 | B94: 45325 | C94: 45337 | D94: Neurology | E94: 14 | F94: MALE | G94: 84220 | H94: Follow-up | I94: =IFERROR(VLOOKUP(Table1[[#This Row],[Department]],Doctor_Info!A:D,2,FALSE), "") -> Dr. Temi | J94: =_xlfn.XLOOKUP(Table1[[#This Row],[Department]], Doctor_Info!A:A, Doctor_Info!C:C, "")&"" -> 502
A95: HOSP-194 | B95: 45327 | C95: 45328 | D95: Emergency Ward | E95: 16 | F95: FEMALE | G95: 85190 | H95: Recovered | I95: =IFERROR(VLOOKUP(Table1[[#This Row],[Department]],Doctor_Info!A:D,2,FALSE), "") -> Dr. Kofi | J95: =_xlfn.XLOOKUP(Table1[[#This Row],[Department]], Doctor_Info!A:A, Doctor_Info!C:C, "")&"" -> 102
